Type,SKU,Name,Published,Short description,Description,Cost price,Regular price,Categories,Images_1,Images_2,Images_3
‡∏Å‡πâ‡∏ô‡∏Å‡∏£‡∏≠‡∏á‡∏°‡∏ß‡∏ô‡∏£‡πâ‡∏≠‡∏ô,A1,‡∏Å‡πâ‡∏ô‡∏Å‡∏£‡∏≠‡∏á‡∏°‡∏ß‡∏ô‡∏£‡πâ‡∏≠‡∏ô Rollo-‡πÅ‡∏î‡∏á 250 ‡∏°‡∏ß‡∏ô,‡∏Å‡πâ‡∏ô‡∏Å‡∏£‡∏≠‡∏á‡∏°‡∏ß‡∏ô‡∏£‡πâ‡∏≠‡∏ô Rollo-‡πÅ‡∏î‡∏á 250 ‡∏°‡∏ß‡∏ô,‡∏´‡∏•‡∏≠‡∏î‡∏Å‡∏£‡∏≠‡∏á‡∏°‡∏ß‡∏ô‡πÄ‡∏õ‡∏•‡πà‡∏≤ ROLLO ‡πÅ‡∏î‡∏á (‡∏£‡πâ‡∏≠‡∏ô) 1 ‡∏Å‡∏•‡πà‡∏≠‡∏á ‡∏ö‡∏£‡∏£‡∏à‡∏∏ 250 ‡∏°‡∏ß‡∏ô ‡∏Ñ‡∏∏‡∏ì‡∏†‡∏≤‡∏û‡∏î‡∏µ‡πÄ‡∏¢‡∏µ‡πà‡∏¢‡∏° ‡∏£‡∏≤‡∏Ñ‡∏≤‡∏ñ‡∏π‡∏Å ‡∏Å‡∏£‡∏∞‡∏î‡∏≤‡∏©‡∏°‡∏ß‡∏ô‡∏Ñ‡∏∏‡∏ì‡∏†‡∏≤‡∏û‡∏î‡∏µ ‡πÑ‡∏°‡πà‡∏Ç‡∏≤‡∏î‡∏á‡πà‡∏≤‡∏¢ ‡πÉ‡∏ä‡πâ‡πÑ‡∏î‡πâ‡∏Å‡∏±‡∏ö‡πÄ‡∏Ñ‡∏£‡∏∑‡πà‡∏≠‡∏á‡∏≠‡∏±‡∏î‡∏ó‡∏∏‡∏Å‡∏£‡∏∏‡πà‡∏ô,"üî• ‡∏û‡∏£‡πâ‡∏≠‡∏°‡∏™‡πà‡∏á! ‡∏´‡∏•‡∏≠‡∏î‡∏Å‡∏£‡∏≠‡∏á‡∏°‡∏ß‡∏ô‡πÄ‡∏õ‡∏•‡πà‡∏≤ ROLLO-‡πÅ‡∏î‡∏á (‡∏£‡πâ‡∏≠‡∏ô) 1 ‡∏Å‡∏•‡πà‡∏≠‡∏á 250 ‡∏°‡∏ß‡∏ô üî•

‡∏™‡∏±‡∏°‡∏ú‡∏±‡∏™‡∏Ñ‡∏ß‡∏≤‡∏°‡∏Ñ‡∏•‡∏≤‡∏™‡∏™‡∏¥‡∏Å‡∏ó‡∏µ‡πà‡∏Ñ‡∏∏‡πâ‡∏ô‡πÄ‡∏Ñ‡∏¢‡∏Å‡∏±‡∏ö‡∏´‡∏•‡∏≠‡∏î‡∏°‡∏ß‡∏ô‡πÄ‡∏õ‡∏•‡πà‡∏≤ ROLLO ‡πÅ‡∏î‡∏á (‡∏£‡πâ‡∏≠‡∏ô) ‡πÅ‡∏ö‡∏£‡∏ô‡∏î‡πå‡∏¢‡∏≠‡∏î‡∏ô‡∏¥‡∏¢‡∏° ‡∏ï‡∏±‡∏ß‡∏ä‡πà‡∏ß‡∏¢‡∏ó‡∏µ‡πà‡∏à‡∏∞‡∏ó‡∏≥‡πÉ‡∏´‡πâ‡∏Å‡∏≤‡∏£‡∏ó‡∏≥‡∏¢‡∏≤‡πÄ‡∏™‡πâ‡∏ô‡∏™‡∏π‡∏ö‡πÄ‡∏≠‡∏á‡∏Ç‡∏≠‡∏á‡∏Ñ‡∏∏‡∏ì‡πÄ‡∏õ‡πá‡∏ô‡πÄ‡∏£‡∏∑‡πà‡∏≠‡∏á‡∏á‡πà‡∏≤‡∏¢ ‡∏™‡∏∞‡∏î‡∏ß‡∏Å‡∏™‡∏ö‡∏≤‡∏¢ ‡πÅ‡∏•‡∏∞‡∏õ‡∏£‡∏∞‡∏´‡∏¢‡∏±‡∏î‡∏°‡∏≤‡∏Å‡∏¢‡∏¥‡πà‡∏á‡∏Ç‡∏∂‡πâ‡∏ô
‡∏ú‡∏•‡∏¥‡∏ï‡∏à‡∏≤‡∏Å‡∏Å‡∏£‡∏∞‡∏î‡∏≤‡∏©‡∏Ñ‡∏∏‡∏ì‡∏†‡∏≤‡∏û‡∏î‡∏µ ‡πÑ‡∏°‡πà‡∏Ç‡∏≤‡∏î‡∏á‡πà‡∏≤‡∏¢‡∏Ç‡∏ì‡∏∞‡∏≠‡∏±‡∏î ‡∏û‡∏£‡πâ‡∏≠‡∏°‡∏Å‡πâ‡∏ô‡∏Å‡∏£‡∏≠‡∏á‡∏°‡∏≤‡∏ï‡∏£‡∏ê‡∏≤‡∏ô ‡∏ä‡πà‡∏ß‡∏¢‡∏£‡∏±‡∏Å‡∏©‡∏≤‡∏Ñ‡∏∏‡∏ì‡∏†‡∏≤‡∏û‡πÅ‡∏•‡∏∞‡∏£‡∏™‡∏ä‡∏≤‡∏ï‡∏¥‡∏ó‡∏µ‡πà‡∏î‡∏µ‡∏ó‡∏µ‡πà‡∏™‡∏∏‡∏î‡∏Ç‡∏≠‡∏á‡∏¢‡∏≤‡πÄ‡∏™‡πâ‡∏ô‡∏ó‡∏µ‡πà‡∏Ñ‡∏∏‡∏ì‡πÄ‡∏•‡∏∑‡∏≠‡∏Å‡πÉ‡∏ä‡πâ

‚ú® ‡∏Ñ‡∏∏‡∏ì‡∏™‡∏°‡∏ö‡∏±‡∏ï‡∏¥‡πÄ‡∏î‡πà‡∏ô ‚ú®
‚úÖ ‡∏¢‡∏µ‡πà‡∏´‡πâ‡∏≠: ROLLO (‡πÇ‡∏£‡∏•‡πÇ‡∏•‡πà) ‡∏£‡∏∏‡πà‡∏ô‡∏™‡∏µ‡πÅ‡∏î‡∏á (‡∏£‡πâ‡∏≠‡∏ô)
‚úÖ ‡∏à‡∏≥‡∏ô‡∏ß‡∏ô: 1 ‡∏Å‡∏•‡πà‡∏≠‡∏á ‡∏ö‡∏£‡∏£‡∏à‡∏∏ 250 ‡∏°‡∏ß‡∏ô ‡∏Ñ‡∏∏‡πâ‡∏°‡∏Ñ‡πà‡∏≤ ‡πÉ‡∏ä‡πâ‡∏á‡∏≤‡∏ô‡πÑ‡∏î‡πâ‡∏¢‡∏≤‡∏ß‡∏ô‡∏≤‡∏ô
‚úÖ ‡∏Ñ‡∏∏‡∏ì‡∏†‡∏≤‡∏û‡∏Å‡∏£‡∏∞‡∏î‡∏≤‡∏©: ‡∏Å‡∏£‡∏∞‡∏î‡∏≤‡∏©‡∏°‡∏ß‡∏ô‡πÄ‡∏Å‡∏£‡∏î‡∏û‡∏£‡∏µ‡πÄ‡∏°‡∏µ‡∏¢‡∏° ‡∏°‡∏µ‡∏Ñ‡∏ß‡∏≤‡∏°‡πÄ‡∏´‡∏ô‡∏µ‡∏¢‡∏ß‡∏û‡∏≠‡∏î‡∏µ ‡πÑ‡∏°‡πà‡∏Ç‡∏≤‡∏î‡∏á‡πà‡∏≤‡∏¢
‚úÖ ‡∏Å‡πâ‡∏ô‡∏Å‡∏£‡∏≠‡∏á: ‡∏Å‡πâ‡∏ô‡∏Å‡∏£‡∏≠‡∏á‡∏°‡∏≤‡∏ï‡∏£‡∏ê‡∏≤‡∏ô‡πÇ‡∏£‡∏á‡∏á‡∏≤‡∏ô ‡∏ä‡πà‡∏ß‡∏¢‡πÉ‡∏´‡πâ‡∏£‡∏™‡∏™‡∏±‡∏°‡∏ú‡∏±‡∏™‡πÉ‡∏ô‡∏Å‡∏≤‡∏£‡∏™‡∏π‡∏ö‡∏ô‡∏∏‡πà‡∏°‡∏ô‡∏ß‡∏•‡∏Ç‡∏∂‡πâ‡∏ô
‚úÖ ‡∏Å‡∏≤‡∏£‡πÉ‡∏ä‡πâ‡∏á‡∏≤‡∏ô: ‡∏≠‡∏≠‡∏Å‡πÅ‡∏ö‡∏ö‡∏°‡∏≤‡πÉ‡∏´‡πâ‡πÉ‡∏ä‡πâ‡∏á‡∏≤‡∏ô‡πÑ‡∏î‡πâ‡∏î‡∏µ‡πÄ‡∏¢‡∏µ‡πà‡∏¢‡∏°‡∏Å‡∏±‡∏ö‡πÄ‡∏Ñ‡∏£‡∏∑‡πà‡∏≠‡∏á‡∏≠‡∏±‡∏î‡∏¢‡∏≤‡πÄ‡∏™‡πâ‡∏ô‡∏ó‡∏∏‡∏Å‡∏£‡∏∏‡πà‡∏ô ‡∏ó‡∏∏‡∏Å‡∏¢‡∏µ‡πà‡∏´‡πâ‡∏≠

üì¶ ‡∏™‡∏¥‡∏ô‡∏Ñ‡πâ‡∏≤‡∏ó‡∏µ‡πà‡∏Ñ‡∏∏‡∏ì‡∏à‡∏∞‡πÑ‡∏î‡πâ‡∏£‡∏±‡∏ö:
‡∏´‡∏•‡∏≠‡∏î‡∏Å‡∏£‡∏≠‡∏á‡∏°‡∏ß‡∏ô‡πÄ‡∏õ‡∏•‡πà‡∏≤ ROLLO-‡πÅ‡∏î‡∏á ‡∏à‡∏≥‡∏ô‡∏ß‡∏ô 1 ‡∏Å‡∏•‡πà‡∏≠‡∏á (‡∏ö‡∏£‡∏£‡∏à‡∏∏ 250 ‡∏°‡∏ß‡∏ô)

---
#‡∏´‡∏•‡∏≠‡∏î‡πÄ‡∏õ‡∏•‡πà‡∏≤ #‡∏°‡∏ß‡∏ô‡πÄ‡∏õ‡∏•‡πà‡∏≤ #‡∏Å‡πâ‡∏ô‡∏Å‡∏£‡∏≠‡∏á #ROLLO #‡∏¢‡∏≤‡πÄ‡∏™‡πâ‡∏ô #‡πÄ‡∏Ñ‡∏£‡∏∑‡πà‡∏≠‡∏á‡∏≠‡∏±‡∏î‡∏¢‡∏≤‡πÄ‡∏™‡πâ‡∏ô #‡∏´‡∏•‡∏≠‡∏î‡∏Å‡∏£‡∏≠‡∏á‡∏°‡∏ß‡∏ô‡∏£‡πâ‡∏≠‡∏ô #ROLLO‡πÅ‡∏î‡∏á #250‡∏°‡∏ß‡∏ô #‡∏£‡∏≤‡∏Ñ‡∏≤‡∏ñ‡∏π‡∏Å #‡∏™‡πà‡∏á‡πÑ‡∏ß",80,110,‡∏Å‡πâ‡∏ô‡∏Å‡∏£‡∏≠‡∏á‡∏°‡∏ß‡∏ô‡πÄ‡∏õ‡∏•‡πà‡∏≤,https://udst2021.com/wp-content/uploads/2025/03/B6-A1.jpeg,https://udst2021.com/wp-content/uploads/2025/03/B6_A11.jpeg,https://udst2021.com/wp-content/uploads/2025/03/B6-A12.jpeg
‡∏Å‡πâ‡∏ô‡∏Å‡∏£‡∏≠‡∏á‡∏°‡∏ß‡∏ô‡∏£‡πâ‡∏≠‡∏ô,A2,‡∏Å‡πâ‡∏ô‡∏Å‡∏£‡∏≠‡∏á‡∏°‡∏ß‡∏ô‡∏£‡πâ‡∏≠‡∏ô Invictus-‡πÅ‡∏î‡∏á  250 ‡∏°‡∏ß‡∏ô,‡∏Å‡πâ‡∏ô‡∏Å‡∏£‡∏≠‡∏á‡∏°‡∏ß‡∏ô‡∏£‡πâ‡∏≠‡∏ô Invictus-‡πÅ‡∏î‡∏á 1‡∏Å‡∏•‡πà‡∏≠‡∏á 250 ‡∏°‡∏ß‡∏ô,‡∏´‡∏•‡∏≠‡∏î‡∏Å‡∏£‡∏≠‡∏á‡∏°‡∏ß‡∏ô‡πÄ‡∏õ‡∏•‡πà‡∏≤ INVICTUS ‡πÅ‡∏î‡∏á (‡∏£‡πâ‡∏≠‡∏ô) 1 ‡∏Å‡∏•‡πà‡∏≠‡∏á 250 ‡∏°‡∏ß‡∏ô ‡πÅ‡∏ö‡∏£‡∏ô‡∏î‡πå‡∏¢‡∏≠‡∏î‡∏ô‡∏¥‡∏¢‡∏° ‡∏Ñ‡∏∏‡∏ì‡∏†‡∏≤‡∏û‡∏î‡∏µ ‡∏£‡∏≤‡∏Ñ‡∏≤‡∏õ‡∏£‡∏∞‡∏´‡∏¢‡∏±‡∏î ‡πÉ‡∏ä‡πâ‡∏Å‡∏±‡∏ö‡πÄ‡∏Ñ‡∏£‡∏∑‡πà‡∏≠‡∏á‡∏≠‡∏±‡∏î‡∏¢‡∏≤‡πÄ‡∏™‡πâ‡∏ô‡πÑ‡∏î‡πâ‡∏ó‡∏∏‡∏Å‡∏£‡∏∏‡πà‡∏ô,"üî• ‡∏û‡∏£‡πâ‡∏≠‡∏°‡∏™‡πà‡∏á! ‡∏´‡∏•‡∏≠‡∏î‡∏Å‡∏£‡∏≠‡∏á‡∏°‡∏ß‡∏ô‡πÄ‡∏õ‡∏•‡πà‡∏≤ INVICTUS-‡πÅ‡∏î‡∏á (‡∏£‡πâ‡∏≠‡∏ô) (250 ‡∏°‡∏ß‡∏ô) üî•‚Ä®‡∏¢‡∏Å‡∏£‡∏∞‡∏î‡∏±‡∏ö‡∏Å‡∏≤‡∏£‡∏°‡∏ß‡∏ô‡∏¢‡∏≤‡πÄ‡∏™‡πâ‡∏ô‡∏Ç‡∏≠‡∏á‡∏Ñ‡∏∏‡∏ì‡∏î‡πâ‡∏ß‡∏¢‡∏´‡∏•‡∏≠‡∏î‡πÄ‡∏õ‡∏•‡πà‡∏≤‡∏Ñ‡∏∏‡∏ì‡∏†‡∏≤‡∏û‡∏à‡∏≤‡∏Å‡πÅ‡∏ö‡∏£‡∏ô‡∏î‡πå INVICTUS ‡∏£‡∏∏‡πà‡∏ô‡∏™‡∏µ‡πÅ‡∏î‡∏á (‡∏£‡πâ‡∏≠‡∏ô) ‡∏ó‡∏µ‡πà‡∏à‡∏∞‡∏ä‡πà‡∏ß‡∏¢‡πÉ‡∏´‡πâ‡∏Å‡∏≤‡∏£‡∏ó‡∏≥‡∏¢‡∏≤‡πÄ‡∏™‡πâ‡∏ô‡∏™‡∏π‡∏ö‡πÄ‡∏≠‡∏á‡πÄ‡∏õ‡πá‡∏ô‡πÄ‡∏£‡∏∑‡πà‡∏≠‡∏á‡∏á‡πà‡∏≤‡∏¢ ‡∏™‡∏∞‡∏î‡∏ß‡∏Å ‡πÅ‡∏•‡∏∞‡πÄ‡∏õ‡∏µ‡πà‡∏¢‡∏°‡∏î‡πâ‡∏ß‡∏¢‡∏Ñ‡∏∏‡∏ì‡∏†‡∏≤‡∏û‚Ä®‚ú® ‡∏Ñ‡∏∏‡∏ì‡∏™‡∏°‡∏ö‡∏±‡∏ï‡∏¥‡πÄ‡∏î‡πà‡∏ô:
‚úÖ ‡∏¢‡∏µ‡πà‡∏´‡πâ‡∏≠: INVICTUS ‡∏£‡∏∏‡πà‡∏ô‡∏™‡∏µ‡πÅ‡∏î‡∏á (‡∏£‡πâ‡∏≠‡∏ô)
‚úÖ ‡∏à‡∏≥‡∏ô‡∏ß‡∏ô: 1 ‡∏Å‡∏•‡πà‡∏≠‡∏á ‡∏ö‡∏£‡∏£‡∏à‡∏∏ 250 ‡∏°‡∏ß‡∏ô‡πÄ‡∏ï‡πá‡∏°
‚úÖ ‡∏Ñ‡∏∏‡∏ì‡∏†‡∏≤‡∏û: ‡∏Å‡∏£‡∏∞‡∏î‡∏≤‡∏©‡πÄ‡∏´‡∏ô‡∏µ‡∏¢‡∏ß ‡∏ó‡∏ô‡∏ó‡∏≤‡∏ô ‡πÑ‡∏°‡πà‡∏Ç‡∏≤‡∏î‡∏á‡πà‡∏≤‡∏¢ ‡∏Å‡πâ‡∏ô‡∏Å‡∏£‡∏≠‡∏á‡∏°‡∏≤‡∏ï‡∏£‡∏ê‡∏≤‡∏ô‡πÇ‡∏£‡∏á‡∏á‡∏≤‡∏ô
‚úÖ ‡∏Å‡∏≤‡∏£‡πÉ‡∏ä‡πâ‡∏á‡∏≤‡∏ô: ‡∏≠‡∏≠‡∏Å‡πÅ‡∏ö‡∏ö‡∏°‡∏≤‡∏™‡∏≥‡∏´‡∏£‡∏±‡∏ö‡πÄ‡∏Ñ‡∏£‡∏∑‡πà‡∏≠‡∏á‡∏≠‡∏±‡∏î‡∏¢‡∏≤‡πÄ‡∏™‡πâ‡∏ô‡∏ó‡∏∏‡∏Å‡∏£‡∏∏‡πà‡∏ô
üì¶ ‡∏™‡∏¥‡πà‡∏á‡∏ó‡∏µ‡πà‡∏Ñ‡∏∏‡∏ì‡∏à‡∏∞‡πÑ‡∏î‡πâ‡∏£‡∏±‡∏ö: ‡∏´‡∏•‡∏≠‡∏î‡∏Å‡∏£‡∏≠‡∏á‡∏°‡∏ß‡∏ô‡πÄ‡∏õ‡∏•‡πà‡∏≤ INVICTUS-‡πÅ‡∏î‡∏á 1 ‡∏Å‡∏•‡πà‡∏≠‡∏á (250 ‡∏°‡∏ß‡∏ô)‚Ä®‚Ä®#‡∏´‡∏•‡∏≠‡∏î‡πÄ‡∏õ‡∏•‡πà‡∏≤ #‡∏°‡∏ß‡∏ô‡πÄ‡∏õ‡∏•‡πà‡∏≤ #‡∏Å‡πâ‡∏ô‡∏Å‡∏£‡∏≠‡∏á #INVICTUS #‡∏¢‡∏≤‡πÄ‡∏™‡πâ‡∏ô #‡πÄ‡∏Ñ‡∏£‡∏∑‡πà‡∏≠‡∏á‡∏≠‡∏±‡∏î‡∏¢‡∏≤‡πÄ‡∏™‡πâ‡∏ô #‡∏´‡∏•‡∏≠‡∏î‡πÄ‡∏õ‡∏•‡πà‡∏≤Invictus‚Ä®
",80,110,‡∏Å‡πâ‡∏ô‡∏Å‡∏£‡∏≠‡∏á‡∏°‡∏ß‡∏ô‡πÄ‡∏õ‡∏•‡πà‡∏≤,https://udst2021.com/wp-content/uploads/2025/03/B6-A2.jpeg,https://udst2021.com/wp-content/uploads/2025/03/B6_A21.jpeg,https://udst2021.com/wp-content/uploads/2025/03/B6-A2.jpeg
‡∏Å‡πâ‡∏ô‡∏Å‡∏£‡∏≠‡∏á‡∏°‡∏ß‡∏ô‡∏£‡πâ‡∏≠‡∏ô,A3,‡∏Å‡πâ‡∏ô‡∏Å‡∏£‡∏≠‡∏á‡∏°‡∏ß‡∏ô‡∏£‡πâ‡∏≠‡∏ô Firebox-‡πÅ‡∏î‡∏á  300 ‡∏°‡∏ß‡∏ô,‡∏Å‡πâ‡∏ô‡∏Å‡∏£‡∏≠‡∏á‡∏°‡∏ß‡∏ô‡∏£‡πâ‡∏≠‡∏ô Firebox-‡πÅ‡∏î‡∏á 1‡∏Å‡∏•‡πà‡∏≠‡∏á 300 ‡∏°‡∏ß‡∏ô,"‡∏´‡∏•‡∏≠‡∏î‡∏Å‡∏£‡∏≠‡∏á‡∏°‡∏ß‡∏ô‡πÄ‡∏õ‡∏•‡πà‡∏≤ Firebox ‡πÅ‡∏î‡∏á (‡∏£‡πâ‡∏≠‡∏ô) ‡∏Å‡∏•‡πà‡∏≠‡∏á‡πÉ‡∏´‡∏ç‡πà 300 ‡∏°‡∏ß‡∏ô ‡∏Ñ‡∏∏‡∏ì‡∏†‡∏≤‡∏û‡πÄ‡∏¢‡∏µ‡πà‡∏¢‡∏° ‡πÑ‡∏°‡πà‡∏Ç‡∏≤‡∏î‡∏á‡πà‡∏≤‡∏¢ ‡πÉ‡∏´‡πâ‡∏£‡∏™‡∏™‡∏±‡∏°‡∏ú‡∏±‡∏™‡∏ó‡∏µ‡πà‡∏Ñ‡∏∏‡πâ‡∏ô‡πÄ‡∏Ñ‡∏¢‚Ä®","üî• ‡∏û‡∏£‡πâ‡∏≠‡∏°‡∏™‡πà‡∏á! ‡∏´‡∏•‡∏≠‡∏î‡∏Å‡∏£‡∏≠‡∏á‡∏°‡∏ß‡∏ô‡πÄ‡∏õ‡∏•‡πà‡∏≤ Firebox-‡πÅ‡∏î‡∏á (‡∏£‡πâ‡∏≠‡∏ô) (300 ‡∏°‡∏ß‡∏ô) üî•‚Ä®‡∏Ñ‡∏∏‡πâ‡∏°‡∏Ñ‡πà‡∏≤‡∏Å‡∏ß‡πà‡∏≤‡πÄ‡∏î‡∏¥‡∏°‡∏Å‡∏±‡∏ö‡∏´‡∏•‡∏≠‡∏î‡πÄ‡∏õ‡∏•‡πà‡∏≤‡∏à‡∏≤‡∏Å‡πÅ‡∏ö‡∏£‡∏ô‡∏î‡πå Firebox ‡∏£‡∏∏‡πà‡∏ô‡∏™‡∏µ‡πÅ‡∏î‡∏á (‡∏£‡πâ‡∏≠‡∏ô) ‡∏ó‡∏µ‡πà‡∏°‡∏≤‡πÉ‡∏ô‡∏Ç‡∏ô‡∏≤‡∏î‡∏à‡∏±‡∏°‡πÇ‡∏ö‡πâ 300 ‡∏°‡∏ß‡∏ô‡∏ï‡πà‡∏≠‡∏Å‡∏•‡πà‡∏≠‡∏á ‡πÉ‡∏´‡πâ‡∏Ñ‡∏∏‡∏ì‡πÉ‡∏ä‡πâ‡∏á‡∏≤‡∏ô‡πÑ‡∏î‡πâ‡∏¢‡∏≤‡∏ß‡∏ô‡∏≤‡∏ô‡∏¢‡∏¥‡πà‡∏á‡∏Ç‡∏∂‡πâ‡∏ô‚Ä®‚ú® ‡∏Ñ‡∏∏‡∏ì‡∏™‡∏°‡∏ö‡∏±‡∏ï‡∏¥‡πÄ‡∏î‡πà‡∏ô:
‚úÖ ‡∏¢‡∏µ‡πà‡∏´‡πâ‡∏≠: Firebox ‡∏£‡∏∏‡πà‡∏ô‡∏™‡∏µ‡πÅ‡∏î‡∏á (‡∏£‡πâ‡∏≠‡∏ô)
‚úÖ ‡∏à‡∏≥‡∏ô‡∏ß‡∏ô: 1 ‡∏Å‡∏•‡πà‡∏≠‡∏á ‡∏ö‡∏£‡∏£‡∏à‡∏∏ 300 ‡∏°‡∏ß‡∏ô‡πÄ‡∏ï‡πá‡∏°
‚úÖ ‡∏Ñ‡∏∏‡∏ì‡∏†‡∏≤‡∏û: ‡∏Å‡∏£‡∏∞‡∏î‡∏≤‡∏©‡πÄ‡∏Å‡∏£‡∏î‡∏û‡∏£‡∏µ‡πÄ‡∏°‡∏µ‡∏¢‡∏° ‡∏Å‡πâ‡∏ô‡∏Å‡∏£‡∏≠‡∏á‡πÑ‡∏î‡πâ‡∏°‡∏≤‡∏ï‡∏£‡∏ê‡∏≤‡∏ô
‚úÖ ‡∏Å‡∏≤‡∏£‡πÉ‡∏ä‡πâ‡∏á‡∏≤‡∏ô: ‡πÄ‡∏´‡∏°‡∏≤‡∏∞‡∏™‡∏≥‡∏´‡∏£‡∏±‡∏ö‡πÄ‡∏Ñ‡∏£‡∏∑‡πà‡∏≠‡∏á‡∏≠‡∏±‡∏î‡∏¢‡∏≤‡πÄ‡∏™‡πâ‡∏ô‡∏ó‡∏∏‡∏Å‡∏õ‡∏£‡∏∞‡πÄ‡∏†‡∏ó
üì¶ ‡∏™‡∏¥‡πà‡∏á‡∏ó‡∏µ‡πà‡∏Ñ‡∏∏‡∏ì‡∏à‡∏∞‡πÑ‡∏î‡πâ‡∏£‡∏±‡∏ö: ‡∏´‡∏•‡∏≠‡∏î‡∏Å‡∏£‡∏≠‡∏á‡∏°‡∏ß‡∏ô‡πÄ‡∏õ‡∏•‡πà‡∏≤ Firebox-‡πÅ‡∏î‡∏á 1 ‡∏Å‡∏•‡πà‡∏≠‡∏á (300 ‡∏°‡∏ß‡∏ô)‚Ä®‚Ä®#‡∏´‡∏•‡∏≠‡∏î‡πÄ‡∏õ‡∏•‡πà‡∏≤ #‡∏°‡∏ß‡∏ô‡πÄ‡∏õ‡∏•‡πà‡∏≤ #‡∏Å‡πâ‡∏ô‡∏Å‡∏£‡∏≠‡∏á #Firebox #‡∏¢‡∏≤‡πÄ‡∏™‡πâ‡∏ô #‡πÄ‡∏Ñ‡∏£‡∏∑‡πà‡∏≠‡∏á‡∏≠‡∏±‡∏î‡∏¢‡∏≤‡πÄ‡∏™‡πâ‡∏ô #300‡∏°‡∏ß‡∏ô‚Ä®",80,110,‡∏Å‡πâ‡∏ô‡∏Å‡∏£‡∏≠‡∏á‡∏°‡∏ß‡∏ô‡πÄ‡∏õ‡∏•‡πà‡∏≤,https://udst2021.com/wp-content/uploads/2025/03/B6-A3.jpeg,https://udst2021.com/wp-content/uploads/2025/03/B6_A31.jpeg,https://udst2021.com/wp-content/uploads/2025/03/B6_A3.jpeg
‡∏Å‡πâ‡∏ô‡∏Å‡∏£‡∏≠‡∏á‡∏°‡∏ß‡∏ô‡∏£‡πâ‡∏≠‡∏ô,A4,‡∏Å‡πâ‡∏ô‡∏Å‡∏£‡∏≠‡∏á‡∏°‡∏ß‡∏ô‡∏£‡πâ‡∏≠‡∏ô Cartel-‡πÅ‡∏î‡∏á  300 ‡∏°‡∏ß‡∏ô,‡∏Å‡πâ‡∏ô‡∏Å‡∏£‡∏≠‡∏á‡∏°‡∏ß‡∏ô‡∏£‡πâ‡∏≠‡∏ô Cartel-‡πÅ‡∏î‡∏á 1‡∏Å‡∏•‡πà‡∏≠‡∏á 300 ‡∏°‡∏ß‡∏ô,"‡∏´‡∏•‡∏≠‡∏î‡∏Å‡∏£‡∏≠‡∏á‡∏°‡∏ß‡∏ô‡πÄ‡∏õ‡∏•‡πà‡∏≤ CARTEL ‡πÅ‡∏î‡∏á (‡∏£‡πâ‡∏≠‡∏ô) ‡∏Ç‡∏ô‡∏≤‡∏î 300 ‡∏°‡∏ß‡∏ô ‡πÅ‡∏ö‡∏£‡∏ô‡∏î‡πå‡∏Ñ‡∏∏‡∏ì‡∏†‡∏≤‡∏û‡∏°‡∏≤‡∏ï‡∏£‡∏ê‡∏≤‡∏ô‡∏™‡∏≤‡∏Å‡∏• ‡∏Å‡∏£‡∏∞‡∏î‡∏≤‡∏©‡∏î‡∏µ ‡∏Å‡πâ‡∏ô‡∏Å‡∏£‡∏≠‡∏á‡πÄ‡∏¢‡∏µ‡πà‡∏¢‡∏°‚Ä®","üî• ‡∏û‡∏£‡πâ‡∏≠‡∏°‡∏™‡πà‡∏á! ‡∏´‡∏•‡∏≠‡∏î‡∏Å‡∏£‡∏≠‡∏á‡∏°‡∏ß‡∏ô‡πÄ‡∏õ‡∏•‡πà‡∏≤ CARTEL-‡πÅ‡∏î‡∏á (‡∏£‡πâ‡∏≠‡∏ô) (300 ‡∏°‡∏ß‡∏ô) üî•‚Ä®‡∏™‡∏±‡∏°‡∏ú‡∏±‡∏™‡∏Ñ‡∏∏‡∏ì‡∏†‡∏≤‡∏û‡∏£‡∏∞‡∏î‡∏±‡∏ö‡∏™‡∏≤‡∏Å‡∏•‡∏Å‡∏±‡∏ö‡∏´‡∏•‡∏≠‡∏î‡πÄ‡∏õ‡∏•‡πà‡∏≤‡∏à‡∏≤‡∏Å CARTEL ‡πÅ‡∏ö‡∏£‡∏ô‡∏î‡πå‡∏ó‡∏µ‡πà‡∏´‡∏•‡∏≤‡∏¢‡∏Ñ‡∏ô‡πÑ‡∏ß‡πâ‡∏ß‡∏≤‡∏á‡πÉ‡∏à ‡∏°‡∏≤‡πÉ‡∏ô‡∏Ç‡∏ô‡∏≤‡∏î‡∏™‡∏∏‡∏î‡∏Ñ‡∏∏‡πâ‡∏° 300 ‡∏°‡∏ß‡∏ô ‡πÉ‡∏´‡πâ‡∏Ñ‡∏∏‡∏ì‡∏°‡∏±‡πà‡∏ô‡πÉ‡∏à‡πÉ‡∏ô‡∏ó‡∏∏‡∏Å‡∏Å‡∏≤‡∏£‡πÉ‡∏ä‡πâ‡∏á‡∏≤‡∏ô‚Ä®‚ú® ‡∏Ñ‡∏∏‡∏ì‡∏™‡∏°‡∏ö‡∏±‡∏ï‡∏¥‡πÄ‡∏î‡πà‡∏ô:
‚úÖ ‡∏¢‡∏µ‡πà‡∏´‡πâ‡∏≠: CARTEL ‡∏£‡∏∏‡πà‡∏ô‡∏™‡∏µ‡πÅ‡∏î‡∏á (‡∏£‡πâ‡∏≠‡∏ô)
‚úÖ ‡∏à‡∏≥‡∏ô‡∏ß‡∏ô: 1 ‡∏Å‡∏•‡πà‡∏≠‡∏á ‡∏ö‡∏£‡∏£‡∏à‡∏∏ 300 ‡∏°‡∏ß‡∏ô‡πÄ‡∏ï‡πá‡∏°
‚úÖ ‡∏Ñ‡∏∏‡∏ì‡∏†‡∏≤‡∏û: ‡∏ú‡∏•‡∏¥‡∏ï‡∏î‡πâ‡∏ß‡∏¢‡∏°‡∏≤‡∏ï‡∏£‡∏ê‡∏≤‡∏ô‡∏™‡∏≤‡∏Å‡∏• ‡∏Å‡∏£‡∏∞‡∏î‡∏≤‡∏©‡πÅ‡∏•‡∏∞‡∏Å‡πâ‡∏ô‡∏Å‡∏£‡∏≠‡∏á‡∏Ñ‡∏∏‡∏ì‡∏†‡∏≤‡∏û‡∏™‡∏π‡∏á
‚úÖ ‡∏Å‡∏≤‡∏£‡πÉ‡∏ä‡πâ‡∏á‡∏≤‡∏ô: ‡πÄ‡∏Ç‡πâ‡∏≤‡∏Å‡∏±‡∏ô‡πÑ‡∏î‡πâ‡∏î‡∏µ‡∏Å‡∏±‡∏ö‡πÄ‡∏Ñ‡∏£‡∏∑‡πà‡∏≠‡∏á‡∏≠‡∏±‡∏î‡∏¢‡∏≤‡πÄ‡∏™‡πâ‡∏ô‡∏ó‡∏∏‡∏Å‡∏¢‡∏µ‡πà‡∏´‡πâ‡∏≠
üì¶ ‡∏™‡∏¥‡πà‡∏á‡∏ó‡∏µ‡πà‡∏Ñ‡∏∏‡∏ì‡∏à‡∏∞‡πÑ‡∏î‡πâ‡∏£‡∏±‡∏ö: ‡∏´‡∏•‡∏≠‡∏î‡∏Å‡∏£‡∏≠‡∏á‡∏°‡∏ß‡∏ô‡πÄ‡∏õ‡∏•‡πà‡∏≤ CARTEL-‡πÅ‡∏î‡∏á 1 ‡∏Å‡∏•‡πà‡∏≠‡∏á (300 ‡∏°‡∏ß‡∏ô)‚Ä®‚Ä®#‡∏´‡∏•‡∏≠‡∏î‡πÄ‡∏õ‡∏•‡πà‡∏≤ #‡∏°‡∏ß‡∏ô‡πÄ‡∏õ‡∏•‡πà‡∏≤ #‡∏Å‡πâ‡∏ô‡∏Å‡∏£‡∏≠‡∏á #CARTEL #‡∏¢‡∏≤‡πÄ‡∏™‡πâ‡∏ô #‡πÄ‡∏Ñ‡∏£‡∏∑‡πà‡∏≠‡∏á‡∏≠‡∏±‡∏î‡∏¢‡∏≤‡πÄ‡∏™‡πâ‡∏ô #Cartel‡πÅ‡∏î‡∏á‚Ä®",80,110,‡∏Å‡πâ‡∏ô‡∏Å‡∏£‡∏≠‡∏á‡∏°‡∏ß‡∏ô‡πÄ‡∏õ‡∏•‡πà‡∏≤,https://udst2021.com/wp-content/uploads/2025/03/B6-A4.jpeg,https://udst2021.com/wp-content/uploads/2025/03/B6_A41.jpeg,https://udst2021.com/wp-content/uploads/2025/03/B6-A42.jpeg
‡∏Å‡πâ‡∏ô‡∏Å‡∏£‡∏≠‡∏á‡∏°‡∏ß‡∏ô‡∏£‡πâ‡∏≠‡∏ô,A5,‡∏Å‡πâ‡∏ô‡∏Å‡∏£‡∏≠‡∏á‡∏°‡∏ß‡∏ô‡∏£‡πâ‡∏≠‡∏ô Invictus-‡πÅ‡∏î‡∏á  500 ‡∏°‡∏ß‡∏ô,‡∏Å‡πâ‡∏ô‡∏Å‡∏£‡∏≠‡∏á‡∏°‡∏ß‡∏ô‡∏£‡πâ‡∏≠‡∏ô Invictus-‡πÅ‡∏î‡∏á 1‡∏Å‡∏•‡πà‡∏≠‡∏á 500 ‡∏°‡∏ß‡∏ô,"‡∏´‡∏•‡∏≠‡∏î‡πÄ‡∏õ‡∏•‡πà‡∏≤ INVICTUS ‡πÅ‡∏î‡∏á (‡∏£‡πâ‡∏≠‡∏ô) ‡∏Å‡∏•‡πà‡∏≠‡∏á‡πÉ‡∏´‡∏ç‡πà‡∏™‡∏∏‡∏î‡∏Ñ‡∏∏‡πâ‡∏° 500 ‡∏°‡∏ß‡∏ô! ‡∏™‡∏≥‡∏´‡∏£‡∏±‡∏ö‡∏Ñ‡∏ô‡πÉ‡∏ä‡πâ‡πÄ‡∏¢‡∏≠‡∏∞ ‡∏ï‡∏∏‡∏ô‡πÑ‡∏î‡πâ‡∏¢‡∏≤‡∏ß‡πÜ ‡∏Ñ‡∏∏‡∏ì‡∏†‡∏≤‡∏û‡πÄ‡∏¢‡∏µ‡πà‡∏¢‡∏°‡πÄ‡∏´‡∏°‡∏∑‡∏≠‡∏ô‡πÄ‡∏î‡∏¥‡∏°‚Ä®","üî• ‡∏û‡∏£‡πâ‡∏≠‡∏°‡∏™‡πà‡∏á! ‡∏´‡∏•‡∏≠‡∏î‡πÄ‡∏õ‡∏•‡πà‡∏≤ INVICTUS-‡πÅ‡∏î‡∏á (‡∏£‡πâ‡∏≠‡∏ô) ‡∏à‡∏±‡∏°‡πÇ‡∏ö‡πâ (500 ‡∏°‡∏ß‡∏ô) üî•‚Ä®‡∏ó‡∏µ‡πà‡∏™‡∏∏‡∏î‡∏Ç‡∏≠‡∏á‡∏Ñ‡∏ß‡∏≤‡∏°‡∏Ñ‡∏∏‡πâ‡∏°‡∏Ñ‡πà‡∏≤! ‡∏´‡∏•‡∏≠‡∏î‡πÄ‡∏õ‡∏•‡πà‡∏≤ INVICTUS ‡∏£‡∏∏‡πà‡∏ô‡∏™‡∏µ‡πÅ‡∏î‡∏á (‡∏£‡πâ‡∏≠‡∏ô) ‡∏Å‡∏•‡πà‡∏≠‡∏á‡πÉ‡∏´‡∏ç‡πà‡∏û‡∏¥‡πÄ‡∏®‡∏© ‡∏ö‡∏£‡∏£‡∏à‡∏∏‡∏°‡∏≤‡∏Å‡∏ñ‡∏∂‡∏á 500 ‡∏°‡∏ß‡∏ô ‡πÄ‡∏´‡∏°‡∏≤‡∏∞‡∏™‡∏≥‡∏´‡∏£‡∏±‡∏ö‡∏ï‡∏∏‡∏ô‡πÑ‡∏ß‡πâ‡πÉ‡∏ä‡πâ‡∏¢‡∏≤‡∏ß‡πÜ ‡∏´‡∏£‡∏∑‡∏≠‡∏™‡∏≥‡∏´‡∏£‡∏±‡∏ö‡∏£‡πâ‡∏≤‡∏ô‡∏Ñ‡πâ‡∏≤‚Ä®‚ú® ‡∏Ñ‡∏∏‡∏ì‡∏™‡∏°‡∏ö‡∏±‡∏ï‡∏¥‡πÄ‡∏î‡πà‡∏ô:
‚úÖ ‡∏¢‡∏µ‡πà‡∏´‡πâ‡∏≠: INVICTUS ‡∏£‡∏∏‡πà‡∏ô‡∏™‡∏µ‡πÅ‡∏î‡∏á (‡∏£‡πâ‡∏≠‡∏ô)
‚úÖ ‡∏à‡∏≥‡∏ô‡∏ß‡∏ô: 1 ‡∏Å‡∏•‡πà‡∏≠‡∏á ‡∏ö‡∏£‡∏£‡∏à‡∏∏ 500 ‡∏°‡∏ß‡∏ô‡πÄ‡∏ï‡πá‡∏°
‚úÖ ‡∏Ñ‡∏∏‡∏ì‡∏†‡∏≤‡∏û: ‡∏Ñ‡∏∏‡∏ì‡∏†‡∏≤‡∏û‡πÄ‡∏¢‡∏µ‡πà‡∏¢‡∏°‡∏ï‡∏≤‡∏°‡∏°‡∏≤‡∏ï‡∏£‡∏ê‡∏≤‡∏ô INVICTUS
‚úÖ ‡∏Å‡∏≤‡∏£‡πÉ‡∏ä‡πâ‡∏á‡∏≤‡∏ô: ‡∏™‡∏∏‡∏î‡∏¢‡∏≠‡∏î‡∏Ñ‡∏π‡πà‡∏´‡∏π‡∏Å‡∏±‡∏ö‡πÄ‡∏Ñ‡∏£‡∏∑‡πà‡∏≠‡∏á‡∏≠‡∏±‡∏î‡∏¢‡∏≤‡πÄ‡∏™‡πâ‡∏ô‡∏ó‡∏∏‡∏Å‡∏£‡∏∏‡πà‡∏ô
üì¶ ‡∏™‡∏¥‡πà‡∏á‡∏ó‡∏µ‡πà‡∏Ñ‡∏∏‡∏ì‡∏à‡∏∞‡πÑ‡∏î‡πâ‡∏£‡∏±‡∏ö: ‡∏´‡∏•‡∏≠‡∏î‡∏Å‡∏£‡∏≠‡∏á‡∏°‡∏ß‡∏ô‡πÄ‡∏õ‡∏•‡πà‡∏≤ INVICTUS-‡πÅ‡∏î‡∏á 1 ‡∏Å‡∏•‡πà‡∏≠‡∏á (500 ‡∏°‡∏ß‡∏ô)‚Ä®‚Ä®#‡∏´‡∏•‡∏≠‡∏î‡πÄ‡∏õ‡∏•‡πà‡∏≤ #‡∏°‡∏ß‡∏ô‡πÄ‡∏õ‡∏•‡πà‡∏≤ #‡∏Å‡πâ‡∏ô‡∏Å‡∏£‡∏≠‡∏á #INVICTUS #500‡∏°‡∏ß‡∏ô #‡∏¢‡∏≤‡πÄ‡∏™‡πâ‡∏ô #‡πÄ‡∏Ñ‡∏£‡∏∑‡πà‡∏≠‡∏á‡∏≠‡∏±‡∏î‡∏¢‡∏≤‡πÄ‡∏™‡πâ‡∏ô‚Ä®",100,150,‡∏Å‡πâ‡∏ô‡∏Å‡∏£‡∏≠‡∏á‡∏°‡∏ß‡∏ô‡πÄ‡∏õ‡∏•‡πà‡∏≤,https://udst2021.com/wp-content/uploads/2025/03/B6-A5.jpeg,https://udst2021.com/wp-content/uploads/2025/03/B6_A51.jpeg,https://udst2021.com/wp-content/uploads/2025/03/B6-A5.jpeg
‡∏Å‡πâ‡∏ô‡∏Å‡∏£‡∏≠‡∏á‡∏°‡∏ß‡∏ô‡∏£‡πâ‡∏≠‡∏ô,A5s,‡∏Å‡πâ‡∏ô‡∏Å‡∏£‡∏≠‡∏á‡∏°‡∏ß‡∏ô‡∏£‡πâ‡∏≠‡∏ô DUBERMAN-‡πÅ‡∏î‡∏á  500 ‡∏°‡∏ß‡∏ô,‡∏Å‡πâ‡∏ô‡∏Å‡∏£‡∏≠‡∏á‡∏°‡∏ß‡∏ô‡∏£‡πâ‡∏≠‡∏ô DUBERMAN-‡πÅ‡∏î‡∏á 1‡∏Å‡∏•‡πà‡∏≠‡∏á 500 ‡∏°‡∏ß‡∏ô,"‡∏´‡∏•‡∏≠‡∏î‡∏Å‡∏£‡∏≠‡∏á‡∏°‡∏ß‡∏ô‡πÄ‡∏õ‡∏•‡πà‡∏≤ DUBERMAN-‡πÅ‡∏î‡∏á ( ‡∏£‡πâ‡∏≠‡∏ô ) ‡∏Å‡∏•‡πà‡∏≠‡∏á‡∏Ç‡∏ô‡∏≤‡∏î 500 ‡∏°‡∏ß‡∏ô ‚Ä®‡∏Ñ‡∏∏‡∏ì‡∏†‡∏≤‡∏û‡∏î‡∏µ‡πÄ‡∏¢‡∏µ‡πà‡∏¢‡∏° ‡∏£‡∏≤‡∏Ñ‡∏≤‡∏õ‡∏£‡∏∞‡∏´‡∏¢‡∏±‡∏î ‡πÉ‡∏ä‡πâ‡∏Å‡∏±‡∏ö‡πÄ‡∏Ñ‡∏£‡∏∑‡πà‡∏≠‡∏á‡∏≠‡∏±‡∏î‡∏¢‡∏≤‡πÄ‡∏™‡πâ‡∏ô‡πÑ‡∏î‡πâ‡∏ó‡∏∏‡∏Å‡∏£‡∏∏‡πà‡∏ô‚Ä®‚Ä®","üî• ‡∏û‡∏£‡πâ‡∏≠‡∏°‡∏™‡πà‡∏á! ‡∏´‡∏•‡∏≠‡∏î‡πÄ‡∏õ‡∏•‡πà‡∏≤ DUBERMAN-‡πÅ‡∏î‡∏á (‡∏£‡πâ‡∏≠‡∏ô) ‡∏à‡∏±‡∏°‡πÇ‡∏ö‡πâ (500 ‡∏°‡∏ß‡∏ô) üî•‚Ä®‡∏ó‡∏µ‡πà‡∏™‡∏∏‡∏î‡∏Ç‡∏≠‡∏á‡∏Ñ‡∏ß‡∏≤‡∏°‡∏Ñ‡∏∏‡πâ‡∏°‡∏Ñ‡πà‡∏≤! ‡∏´‡∏•‡∏≠‡∏î‡πÄ‡∏õ‡∏•‡πà‡∏≤ DUBERMAN ‡∏£‡∏∏‡πà‡∏ô‡∏™‡∏µ‡πÅ‡∏î‡∏á (‡∏£‡πâ‡∏≠‡∏ô) ‡∏Å‡∏•‡πà‡∏≠‡∏á‡πÉ‡∏´‡∏ç‡πà‡∏û‡∏¥‡πÄ‡∏®‡∏© ‡∏ö‡∏£‡∏£‡∏à‡∏∏‡∏°‡∏≤‡∏Å‡∏ñ‡∏∂‡∏á 500 ‡∏°‡∏ß‡∏ô ‡πÄ‡∏´‡∏°‡∏≤‡∏∞‡∏™‡∏≥‡∏´‡∏£‡∏±‡∏ö‡∏ï‡∏∏‡∏ô‡πÑ‡∏ß‡πâ‡πÉ‡∏ä‡πâ‡∏¢‡∏≤‡∏ß‡πÜ ‡∏´‡∏£‡∏∑‡∏≠‡∏™‡∏≥‡∏´‡∏£‡∏±‡∏ö‡∏£‡πâ‡∏≤‡∏ô‡∏Ñ‡πâ‡∏≤‚Ä®‚ú® ‡∏Ñ‡∏∏‡∏ì‡∏™‡∏°‡∏ö‡∏±‡∏ï‡∏¥‡πÄ‡∏î‡πà‡∏ô:
‚úÖ ‡∏¢‡∏µ‡πà‡∏´‡πâ‡∏≠: DUBERMAN ‡∏£‡∏∏‡πà‡∏ô‡∏™‡∏µ‡πÅ‡∏î‡∏á (‡∏£‡πâ‡∏≠‡∏ô)
‚úÖ ‡∏à‡∏≥‡∏ô‡∏ß‡∏ô: 1 ‡∏Å‡∏•‡πà‡∏≠‡∏á ‡∏ö‡∏£‡∏£‡∏à‡∏∏ 500 ‡∏°‡∏ß‡∏ô‡πÄ‡∏ï‡πá‡∏°
‚úÖ ‡∏Ñ‡∏∏‡∏ì‡∏†‡∏≤‡∏û: ‡∏Ñ‡∏∏‡∏ì‡∏†‡∏≤‡∏û‡πÄ‡∏¢‡∏µ‡πà‡∏¢‡∏°‡∏ï‡∏≤‡∏°‡∏°‡∏≤‡∏ï‡∏£‡∏ê‡∏≤‡∏ô DUBERMAN
‚úÖ ‡∏Å‡∏≤‡∏£‡πÉ‡∏ä‡πâ‡∏á‡∏≤‡∏ô: ‡∏™‡∏∏‡∏î‡∏¢‡∏≠‡∏î‡∏Ñ‡∏π‡πà‡∏´‡∏π‡∏Å‡∏±‡∏ö‡πÄ‡∏Ñ‡∏£‡∏∑‡πà‡∏≠‡∏á‡∏≠‡∏±‡∏î‡∏¢‡∏≤‡πÄ‡∏™‡πâ‡∏ô‡∏ó‡∏∏‡∏Å‡∏£‡∏∏‡πà‡∏ô
üì¶ ‡∏™‡∏¥‡πà‡∏á‡∏ó‡∏µ‡πà‡∏Ñ‡∏∏‡∏ì‡∏à‡∏∞‡πÑ‡∏î‡πâ‡∏£‡∏±‡∏ö: ‡∏´‡∏•‡∏≠‡∏î‡∏Å‡∏£‡∏≠‡∏á‡∏°‡∏ß‡∏ô‡πÄ‡∏õ‡∏•‡πà‡∏≤ DUBERMAN-‡πÅ‡∏î‡∏á 1 ‡∏Å‡∏•‡πà‡∏≠‡∏á (500 ‡∏°‡∏ß‡∏ô)‚Ä®‚Ä®#‡∏´‡∏•‡∏≠‡∏î‡πÄ‡∏õ‡∏•‡πà‡∏≤ #‡∏°‡∏ß‡∏ô‡πÄ‡∏õ‡∏•‡πà‡∏≤ #‡∏Å‡πâ‡∏ô‡∏Å‡∏£‡∏≠‡∏á #DUBERMAN #500‡∏°‡∏ß‡∏ô #‡∏¢‡∏≤‡πÄ‡∏™‡πâ‡∏ô #‡πÄ‡∏Ñ‡∏£‡∏∑‡πà‡∏≠‡∏á‡∏≠‡∏±‡∏î‡∏¢‡∏≤‡πÄ‡∏™‡πâ‡∏ô‚Ä®",100,150,‡∏Å‡πâ‡∏ô‡∏Å‡∏£‡∏≠‡∏á‡∏°‡∏ß‡∏ô‡πÄ‡∏õ‡∏•‡πà‡∏≤,https://udst2021.com/wp-content/uploads/2025/03/B6-A5s.png,https://udst2021.com/wp-content/uploads/2025/03/B6_A5s1.jpeg,https://udst2021.com/wp-content/uploads/2025/03/B6-A5s-2.jpeg
‡∏Å‡πâ‡∏ô‡∏Å‡∏£‡∏≠‡∏á‡∏°‡∏ß‡∏ô‡∏£‡πâ‡∏≠‡∏ô,A6,"‡∏Å‡πâ‡∏ô‡∏Å‡∏£‡∏≠‡∏á‡∏°‡∏ß‡∏ô‡∏£‡πâ‡∏≠‡∏ô Firebox-‡πÅ‡∏î‡∏á 1,000 ‡∏°‡∏ß‡∏ô","‡∏Å‡πâ‡∏ô‡∏Å‡∏£‡∏≠‡∏á‡∏°‡∏ß‡∏ô‡∏£‡πâ‡∏≠‡∏ô Firebox-‡πÅ‡∏î‡∏á 1 ‡∏Å‡∏•‡πà‡∏≠‡∏á 1,000 ‡∏°‡∏ß‡∏ô","‡∏´‡∏•‡∏≠‡∏î‡∏Å‡∏£‡∏≠‡∏á‡∏°‡∏ß‡∏ô‡πÄ‡∏õ‡∏•‡πà‡∏≤ Firebox-‡πÅ‡∏î‡∏á ( ‡∏£‡πâ‡∏≠‡∏ô ) ‡∏Å‡∏•‡πà‡∏≠‡∏á‡∏Ç‡∏ô‡∏≤‡∏î 1000 ‡∏°‡∏ß‡∏ô ‚Ä®‡∏Ñ‡∏∏‡∏ì‡∏†‡∏≤‡∏û‡∏î‡∏µ‡πÄ‡∏¢‡∏µ‡πà‡∏¢‡∏° ‡∏£‡∏≤‡∏Ñ‡∏≤‡∏õ‡∏£‡∏∞‡∏´‡∏¢‡∏±‡∏î ‡πÉ‡∏ä‡πâ‡∏Å‡∏±‡∏ö‡πÄ‡∏Ñ‡∏£‡∏∑‡πà‡∏≠‡∏á‡∏≠‡∏±‡∏î‡∏¢‡∏≤‡πÄ‡∏™‡πâ‡∏ô‡πÑ‡∏î‡πâ‡∏ó‡∏∏‡∏Å‡∏£‡∏∏‡πà‡∏ô‚Ä®‚Ä®","üî• ‡∏û‡∏£‡πâ‡∏≠‡∏°‡∏™‡πà‡∏á! ‡∏´‡∏•‡∏≠‡∏î‡∏Å‡∏£‡∏≠‡∏á‡∏°‡∏ß‡∏ô‡πÄ‡∏õ‡∏•‡πà‡∏≤ Firebox-‡πÅ‡∏î‡∏á (‡∏£‡πâ‡∏≠‡∏ô) (1000 ‡∏°‡∏ß‡∏ô) üî•‚Ä®‡∏Ñ‡∏∏‡πâ‡∏°‡∏Ñ‡πà‡∏≤‡∏Å‡∏ß‡πà‡∏≤‡πÄ‡∏î‡∏¥‡∏°‡∏Å‡∏±‡∏ö‡∏´‡∏•‡∏≠‡∏î‡πÄ‡∏õ‡∏•‡πà‡∏≤‡∏à‡∏≤‡∏Å‡πÅ‡∏ö‡∏£‡∏ô‡∏î‡πå Firebox ‡∏£‡∏∏‡πà‡∏ô‡∏™‡∏µ‡πÅ‡∏î‡∏á (‡∏£‡πâ‡∏≠‡∏ô) ‡∏ó‡∏µ‡πà‡∏°‡∏≤‡πÉ‡∏ô‡∏Ç‡∏ô‡∏≤‡∏î‡∏à‡∏±‡∏°‡πÇ‡∏ö‡πâ 1000 ‡∏°‡∏ß‡∏ô‡∏ï‡πà‡∏≠‡∏Å‡∏•‡πà‡∏≠‡∏á ‡πÉ‡∏´‡πâ‡∏Ñ‡∏∏‡∏ì‡πÉ‡∏ä‡πâ‡∏á‡∏≤‡∏ô‡πÑ‡∏î‡πâ‡∏¢‡∏≤‡∏ß‡∏ô‡∏≤‡∏ô‡∏¢‡∏¥‡πà‡∏á‡∏Ç‡∏∂‡πâ‡∏ô‚Ä®‚ú® ‡∏Ñ‡∏∏‡∏ì‡∏™‡∏°‡∏ö‡∏±‡∏ï‡∏¥‡πÄ‡∏î‡πà‡∏ô:
‚úÖ ‡∏¢‡∏µ‡πà‡∏´‡πâ‡∏≠: Firebox ‡∏£‡∏∏‡πà‡∏ô‡∏™‡∏µ‡πÅ‡∏î‡∏á (‡∏£‡πâ‡∏≠‡∏ô)
‚úÖ ‡∏à‡∏≥‡∏ô‡∏ß‡∏ô: 1 ‡∏Å‡∏•‡πà‡∏≠‡∏á ‡∏ö‡∏£‡∏£‡∏à‡∏∏ 1000 ‡∏°‡∏ß‡∏ô‡πÄ‡∏ï‡πá‡∏°
‚úÖ ‡∏Ñ‡∏∏‡∏ì‡∏†‡∏≤‡∏û: ‡∏Å‡∏£‡∏∞‡∏î‡∏≤‡∏©‡πÄ‡∏Å‡∏£‡∏î‡∏û‡∏£‡∏µ‡πÄ‡∏°‡∏µ‡∏¢‡∏° ‡∏Å‡πâ‡∏ô‡∏Å‡∏£‡∏≠‡∏á‡πÑ‡∏î‡πâ‡∏°‡∏≤‡∏ï‡∏£‡∏ê‡∏≤‡∏ô
‚úÖ ‡∏Å‡∏≤‡∏£‡πÉ‡∏ä‡πâ‡∏á‡∏≤‡∏ô: ‡πÄ‡∏´‡∏°‡∏≤‡∏∞‡∏™‡∏≥‡∏´‡∏£‡∏±‡∏ö‡πÄ‡∏Ñ‡∏£‡∏∑‡πà‡∏≠‡∏á‡∏≠‡∏±‡∏î‡∏¢‡∏≤‡πÄ‡∏™‡πâ‡∏ô‡∏ó‡∏∏‡∏Å‡∏õ‡∏£‡∏∞‡πÄ‡∏†‡∏ó
üì¶ ‡∏™‡∏¥‡πà‡∏á‡∏ó‡∏µ‡πà‡∏Ñ‡∏∏‡∏ì‡∏à‡∏∞‡πÑ‡∏î‡πâ‡∏£‡∏±‡∏ö: ‡∏´‡∏•‡∏≠‡∏î‡∏Å‡∏£‡∏≠‡∏á‡∏°‡∏ß‡∏ô‡πÄ‡∏õ‡∏•‡πà‡∏≤ Firebox-‡πÅ‡∏î‡∏á 1 ‡∏Å‡∏•‡πà‡∏≠‡∏á (1000 ‡∏°‡∏ß‡∏ô)‚Ä®‚Ä®#‡∏´‡∏•‡∏≠‡∏î‡πÄ‡∏õ‡∏•‡πà‡∏≤ #‡∏°‡∏ß‡∏ô‡πÄ‡∏õ‡∏•‡πà‡∏≤ #‡∏Å‡πâ‡∏ô‡∏Å‡∏£‡∏≠‡∏á #Firebox #‡∏¢‡∏≤‡πÄ‡∏™‡πâ‡∏ô #‡πÄ‡∏Ñ‡∏£‡∏∑‡πà‡∏≠‡∏á‡∏≠‡∏±‡∏î‡∏¢‡∏≤‡πÄ‡∏™‡πâ‡∏ô #1000‡∏°‡∏ß‡∏ô‚Ä®",200,320,‡∏Å‡πâ‡∏ô‡∏Å‡∏£‡∏≠‡∏á‡∏°‡∏ß‡∏ô‡πÄ‡∏õ‡∏•‡πà‡∏≤,https://udst2021.com/wp-content/uploads/2025/03/B6-A6.png,https://udst2021.com/wp-content/uploads/2025/03/B6_A61.jpeg,https://udst2021.com/wp-content/uploads/2025/03/B6-A6.png
‡∏Å‡πâ‡∏ô‡∏Å‡∏£‡∏≠‡∏á‡∏°‡∏ß‡∏ô‡∏£‡πâ‡∏≠‡∏ô,A7,"‡∏Å‡πâ‡∏ô‡∏Å‡∏£‡∏≠‡∏á‡∏°‡∏ß‡∏ô‡∏£‡πâ‡∏≠‡∏ô Invictus-‡πÅ‡∏î‡∏á 1,000 ‡∏°‡∏ß‡∏ô","‡∏Å‡πâ‡∏ô‡∏Å‡∏£‡∏≠‡∏á‡∏°‡∏ß‡∏ô‡∏£‡πâ‡∏≠‡∏ô Invictus-‡πÅ‡∏î‡∏á 1 ‡∏Å‡∏•‡πà‡∏≠‡∏á 1,000 ‡∏°‡∏ß‡∏ô","‡∏´‡∏•‡∏≠‡∏î‡∏Å‡∏£‡∏≠‡∏á‡∏°‡∏ß‡∏ô‡πÄ‡∏õ‡∏•‡πà‡∏≤ Invictus-‡πÅ‡∏î‡∏á ( ‡∏£‡πâ‡∏≠‡∏ô ) ‡∏Å‡∏•‡πà‡∏≠‡∏á‡∏Ç‡∏ô‡∏≤‡∏î 1000 ‡∏°‡∏ß‡∏ô ‚Ä®‡∏Ñ‡∏∏‡∏ì‡∏†‡∏≤‡∏û‡∏î‡∏µ‡πÄ‡∏¢‡∏µ‡πà‡∏¢‡∏° ‡∏£‡∏≤‡∏Ñ‡∏≤‡∏õ‡∏£‡∏∞‡∏´‡∏¢‡∏±‡∏î ‡πÉ‡∏ä‡πâ‡∏Å‡∏±‡∏ö‡πÄ‡∏Ñ‡∏£‡∏∑‡πà‡∏≠‡∏á‡∏≠‡∏±‡∏î‡∏¢‡∏≤‡πÄ‡∏™‡πâ‡∏ô‡πÑ‡∏î‡πâ‡∏ó‡∏∏‡∏Å‡∏£‡∏∏‡πà‡∏ô‚Ä®‚Ä®","üî• ‡∏û‡∏£‡πâ‡∏≠‡∏°‡∏™‡πà‡∏á! ‡∏´‡∏•‡∏≠‡∏î‡πÄ‡∏õ‡∏•‡πà‡∏≤ INVICTUS-‡πÅ‡∏î‡∏á (‡∏£‡πâ‡∏≠‡∏ô) ‡∏à‡∏±‡∏°‡πÇ‡∏ö‡πâ (1000 ‡∏°‡∏ß‡∏ô) üî•‚Ä®‡∏ó‡∏µ‡πà‡∏™‡∏∏‡∏î‡∏Ç‡∏≠‡∏á‡∏Ñ‡∏ß‡∏≤‡∏°‡∏Ñ‡∏∏‡πâ‡∏°‡∏Ñ‡πà‡∏≤! ‡∏´‡∏•‡∏≠‡∏î‡πÄ‡∏õ‡∏•‡πà‡∏≤ INVICTUS ‡∏£‡∏∏‡πà‡∏ô‡∏™‡∏µ‡πÅ‡∏î‡∏á (‡∏£‡πâ‡∏≠‡∏ô) ‡∏Å‡∏•‡πà‡∏≠‡∏á‡πÉ‡∏´‡∏ç‡πà‡∏û‡∏¥‡πÄ‡∏®‡∏© ‡∏ö‡∏£‡∏£‡∏à‡∏∏‡∏°‡∏≤‡∏Å‡∏ñ‡∏∂‡∏á 1000 ‡∏°‡∏ß‡∏ô ‡πÄ‡∏´‡∏°‡∏≤‡∏∞‡∏™‡∏≥‡∏´‡∏£‡∏±‡∏ö‡∏ï‡∏∏‡∏ô‡πÑ‡∏ß‡πâ‡πÉ‡∏ä‡πâ‡∏¢‡∏≤‡∏ß‡πÜ ‡∏´‡∏£‡∏∑‡∏≠‡∏™‡∏≥‡∏´‡∏£‡∏±‡∏ö‡∏£‡πâ‡∏≤‡∏ô‡∏Ñ‡πâ‡∏≤‚Ä®‚ú® ‡∏Ñ‡∏∏‡∏ì‡∏™‡∏°‡∏ö‡∏±‡∏ï‡∏¥‡πÄ‡∏î‡πà‡∏ô:
‚úÖ ‡∏¢‡∏µ‡πà‡∏´‡πâ‡∏≠: INVICTUS ‡∏£‡∏∏‡πà‡∏ô‡∏™‡∏µ‡πÅ‡∏î‡∏á (‡∏£‡πâ‡∏≠‡∏ô)
‚úÖ ‡∏à‡∏≥‡∏ô‡∏ß‡∏ô: 1 ‡∏Å‡∏•‡πà‡∏≠‡∏á ‡∏ö‡∏£‡∏£‡∏à‡∏∏ 1000 ‡∏°‡∏ß‡∏ô‡πÄ‡∏ï‡πá‡∏°
‚úÖ ‡∏Ñ‡∏∏‡∏ì‡∏†‡∏≤‡∏û: ‡∏Ñ‡∏∏‡∏ì‡∏†‡∏≤‡∏û‡πÄ‡∏¢‡∏µ‡πà‡∏¢‡∏°‡∏ï‡∏≤‡∏°‡∏°‡∏≤‡∏ï‡∏£‡∏ê‡∏≤‡∏ô INVICTUS
‚úÖ ‡∏Å‡∏≤‡∏£‡πÉ‡∏ä‡πâ‡∏á‡∏≤‡∏ô: ‡∏™‡∏∏‡∏î‡∏¢‡∏≠‡∏î‡∏Ñ‡∏π‡πà‡∏´‡∏π‡∏Å‡∏±‡∏ö‡πÄ‡∏Ñ‡∏£‡∏∑‡πà‡∏≠‡∏á‡∏≠‡∏±‡∏î‡∏¢‡∏≤‡πÄ‡∏™‡πâ‡∏ô‡∏ó‡∏∏‡∏Å‡∏£‡∏∏‡πà‡∏ô
üì¶ ‡∏™‡∏¥‡πà‡∏á‡∏ó‡∏µ‡πà‡∏Ñ‡∏∏‡∏ì‡∏à‡∏∞‡πÑ‡∏î‡πâ‡∏£‡∏±‡∏ö: ‡∏´‡∏•‡∏≠‡∏î‡∏Å‡∏£‡∏≠‡∏á‡∏°‡∏ß‡∏ô‡πÄ‡∏õ‡∏•‡πà‡∏≤ INVICTUS-‡πÅ‡∏î‡∏á 1 ‡∏Å‡∏•‡πà‡∏≠‡∏á (1000 ‡∏°‡∏ß‡∏ô)‚Ä®‚Ä®#‡∏´‡∏•‡∏≠‡∏î‡πÄ‡∏õ‡∏•‡πà‡∏≤ #‡∏°‡∏ß‡∏ô‡πÄ‡∏õ‡∏•‡πà‡∏≤ #‡∏Å‡πâ‡∏ô‡∏Å‡∏£‡∏≠‡∏á #INVICTUS #1000‡∏°‡∏ß‡∏ô #‡∏¢‡∏≤‡πÄ‡∏™‡πâ‡∏ô #‡πÄ‡∏Ñ‡∏£‡∏∑‡πà‡∏≠‡∏á‡∏≠‡∏±‡∏î‡∏¢‡∏≤‡πÄ‡∏™‡πâ‡∏ô‚Ä®",200,270,‡∏Å‡πâ‡∏ô‡∏Å‡∏£‡∏≠‡∏á‡∏°‡∏ß‡∏ô‡πÄ‡∏õ‡∏•‡πà‡∏≤,https://udst2021.com/wp-content/uploads/2025/03/B6-A7.jpeg,"https://udst2021.com/wp-content/uploads/2025/03/B6_A71.jpeg
",https://udst2021.com/wp-content/uploads/2025/03/B6-A7.jpeg
‡∏Å‡πâ‡∏ô‡∏Å‡∏£‡∏≠‡∏á‡∏°‡∏ß‡∏ô‡πÄ‡∏¢‡πá‡∏ô,B1,‡∏Å‡πâ‡∏ô‡∏Å‡∏£‡∏≠‡∏á‡∏°‡∏ß‡∏ô‡πÄ‡∏¢‡πá‡∏ô Invictus-‡πÄ‡∏Ç‡∏µ‡∏¢‡∏ß 200 ‡∏°‡∏ß‡∏ô,‡∏Å‡πâ‡∏ô‡∏Å‡∏£‡∏≠‡∏á‡∏°‡∏ß‡∏ô‡πÄ‡∏¢‡πá‡∏ô Invictus-‡πÄ‡∏Ç‡∏µ‡∏¢‡∏ß 1 ‡∏Å‡∏•‡πà‡∏≠‡∏á 200 ‡∏°‡∏ß‡∏ô,"‡∏´‡∏•‡∏≠‡∏î‡∏Å‡∏£‡∏≠‡∏á‡∏°‡∏ß‡∏ô‡πÄ‡∏õ‡∏•‡πà‡∏≤ Invictus-‡πÄ‡∏Ç‡∏µ‡∏¢‡∏ß ( ‡πÄ‡∏¢‡πá‡∏ô ) ‡∏Å‡∏•‡πà‡∏≠‡∏á‡∏Ç‡∏ô‡∏≤‡∏î 200 ‡∏°‡∏ß‡∏ô ‚Ä®‡∏Ñ‡∏∏‡∏ì‡∏†‡∏≤‡∏û‡∏î‡∏µ‡πÄ‡∏¢‡∏µ‡πà‡∏¢‡∏° ‡∏£‡∏≤‡∏Ñ‡∏≤‡∏õ‡∏£‡∏∞‡∏´‡∏¢‡∏±‡∏î ‡πÉ‡∏ä‡πâ‡∏Å‡∏±‡∏ö‡πÄ‡∏Ñ‡∏£‡∏∑‡πà‡∏≠‡∏á‡∏≠‡∏±‡∏î‡∏¢‡∏≤‡πÄ‡∏™‡πâ‡∏ô‡πÑ‡∏î‡πâ‡∏ó‡∏∏‡∏Å‡∏£‡∏∏‡πà‡∏ô‚Ä®‚Ä®","üìú ‡∏û‡∏£‡πâ‡∏≠‡∏°‡∏™‡πà‡∏á! ‡∏Å‡∏£‡∏∞‡∏î‡∏≤‡∏©‡∏°‡∏ß‡∏ô INVICTUS -‡πÄ‡∏Ç‡∏µ‡∏¢‡∏ß (‡πÄ‡∏¢‡πá‡∏ô) 200 ‡∏°‡∏ß‡∏ô ‡∏Ñ‡∏∏‡∏ì‡∏†‡∏≤‡∏û‡∏û‡∏£‡∏µ‡πÄ‡∏°‡∏µ‡∏¢‡∏° üìú

‡∏¢‡∏Å‡∏£‡∏∞‡∏î‡∏±‡∏ö‡∏Å‡∏≤‡∏£‡∏°‡∏ß‡∏ô‡∏Ç‡∏≠‡∏á‡∏Ñ‡∏∏‡∏ì‡∏î‡πâ‡∏ß‡∏¢‡∏Å‡∏£‡∏∞‡∏î‡∏≤‡∏©‡∏°‡∏ß‡∏ô ""‡πÄ‡∏¢‡πá‡∏ô"" ‡∏Ñ‡∏∏‡∏ì‡∏†‡∏≤‡∏û‡∏™‡∏π‡∏á‡∏à‡∏≤‡∏Å‡πÅ‡∏ö‡∏£‡∏ô‡∏î‡πå INVICTUS ‡∏ó‡∏µ‡πà‡∏≠‡∏≠‡∏Å‡πÅ‡∏ö‡∏ö‡∏°‡∏≤‡πÄ‡∏û‡∏∑‡πà‡∏≠‡∏ô‡∏±‡∏Å‡∏°‡∏ß‡∏ô‡∏ó‡∏µ‡πà‡∏ï‡πâ‡∏≠‡∏á‡∏Å‡∏≤‡∏£‡∏™‡∏¥‡πà‡∏á‡∏ó‡∏µ‡πà‡∏î‡∏µ‡∏ó‡∏µ‡πà‡∏™‡∏∏‡∏î ‡∏ú‡∏•‡∏¥‡∏ï‡∏à‡∏≤‡∏Å‡∏ß‡∏±‡∏™‡∏î‡∏∏‡∏ò‡∏£‡∏£‡∏°‡∏ä‡∏≤‡∏ï‡∏¥ ‡∏õ‡∏•‡∏≠‡∏î‡∏†‡∏±‡∏¢‡πÅ‡∏•‡∏∞‡πÄ‡∏õ‡πá‡∏ô‡∏°‡∏¥‡∏ï‡∏£‡∏ï‡πà‡∏≠‡∏™‡∏¥‡πà‡∏á‡πÅ‡∏ß‡∏î‡∏•‡πâ‡∏≠‡∏°

‚ú® ‡∏Ñ‡∏∏‡∏ì‡∏™‡∏°‡∏ö‡∏±‡∏ï‡∏¥‡πÄ‡∏î‡πà‡∏ô:
‚úÖ ‡πÅ‡∏ö‡∏£‡∏ô‡∏î‡πå: INVICTUS (‡∏≠‡∏¥‡∏ô‡∏ß‡∏¥‡∏Ñ‡∏ï‡∏±‡∏™)
‚úÖ ‡∏£‡∏∏‡πà‡∏ô : ‡πÄ‡∏¢‡πá‡∏ô
‚úÖ ‡∏à‡∏≥‡∏ô‡∏ß‡∏ô: 1 ‡∏Å‡∏•‡πà‡∏≠‡∏á ‡∏ö‡∏£‡∏£‡∏à‡∏∏ 200 ‡∏°‡∏ß‡∏ô‡πÄ‡∏ï‡πá‡∏°
‚úÖ ‡∏Ñ‡∏∏‡∏ì‡∏†‡∏≤‡∏û: ‡πÄ‡∏ô‡∏∑‡πâ‡∏≠‡∏Å‡∏£‡∏∞‡∏î‡∏≤‡∏©‡∏ö‡∏≤‡∏á‡∏û‡∏¥‡πÄ‡∏®‡∏© (Ultra-Thin) ‡πÄ‡∏û‡∏∑‡πà‡∏≠‡∏£‡∏™‡∏ä‡∏≤‡∏ï‡∏¥‡∏ó‡∏µ‡πà‡∏î‡∏µ‡∏ó‡∏µ‡πà‡∏™‡∏∏‡∏î
‚úÖ ‡∏Å‡∏≤‡∏ß: ‡πÅ‡∏ñ‡∏ö‡∏Å‡∏≤‡∏ß‡∏Ñ‡∏∏‡∏ì‡∏†‡∏≤‡∏û‡∏™‡∏π‡∏á‡∏à‡∏≤‡∏Å‡∏ò‡∏£‡∏£‡∏°‡∏ä‡∏≤‡∏ï‡∏¥
‚úÖ ‡∏Å‡∏≤‡∏£‡πÉ‡∏ä‡πâ‡∏á‡∏≤‡∏ô: ‡πÄ‡∏´‡∏°‡∏≤‡∏∞‡∏™‡∏≥‡∏´‡∏£‡∏±‡∏ö‡∏ú‡∏π‡πâ‡∏ó‡∏µ‡πà‡∏ï‡πâ‡∏≠‡∏á‡∏Å‡∏≤‡∏£‡∏Å‡∏£‡∏∞‡∏î‡∏≤‡∏©‡∏°‡∏ß‡∏ô‡∏Ñ‡∏∏‡∏ì‡∏†‡∏≤‡∏û‡∏û‡∏£‡∏µ‡πÄ‡∏°‡∏µ‡∏¢‡∏°

üì¶ ‡∏™‡∏¥‡∏ô‡∏Ñ‡πâ‡∏≤‡∏ó‡∏µ‡πà‡∏Ñ‡∏∏‡∏ì‡∏à‡∏∞‡πÑ‡∏î‡πâ‡∏£‡∏±‡∏ö: ‡∏Å‡∏£‡∏∞‡∏î‡∏≤‡∏©‡∏°‡∏ß‡∏ô INVICTUS ‡∏à‡∏≥‡∏ô‡∏ß‡∏ô 1 ‡∏Å‡∏•‡πà‡∏≠‡∏á (200 ‡∏°‡∏ß‡∏ô)

---
#‡∏Å‡∏£‡∏∞‡∏î‡∏≤‡∏©‡∏°‡∏ß‡∏ô #‡∏Å‡∏£‡∏∞‡∏î‡∏≤‡∏©‡∏û‡∏±‡∏ô‡∏•‡∏≥ #‡∏Å‡∏£‡∏∞‡∏î‡∏≤‡∏©‡πÇ‡∏£‡∏• #INVICTUS #‡∏Å‡∏£‡∏∞‡∏î‡∏≤‡∏©‡∏°‡∏ß‡∏ô‡∏ö‡∏∏‡∏´‡∏£‡∏µ‡πà #‡∏Å‡∏£‡∏∞‡∏î‡∏≤‡∏©‡∏ö‡∏≤‡∏á",80,120,‡∏Å‡πâ‡∏ô‡∏Å‡∏£‡∏≠‡∏á‡∏°‡∏ß‡∏ô‡πÄ‡∏õ‡∏•‡πà‡∏≤,https://udst2021.com/wp-content/uploads/2025/03/B6-B1.jpeg,https://udst2021.com/wp-content/uploads/2025/03/B6_B11.jpeg,https://udst2021.com/wp-content/uploads/2025/03/B6-B12.jpeg
‡∏Å‡πâ‡∏ô‡∏Å‡∏£‡∏≠‡∏á‡∏°‡∏ß‡∏ô‡πÄ‡∏¢‡πá‡∏ô,B2,‡∏Å‡πâ‡∏ô‡∏Å‡∏£‡∏≠‡∏á‡∏°‡∏ß‡∏ô‡πÄ‡∏¢‡πá‡∏ô Invictus-‡πÄ‡∏¢‡πá‡∏ô‡∏™‡∏∏‡∏î‡∏Ç‡∏±‡πâ‡∏ß 200 ‡∏°‡∏ß‡∏ô,‡∏Å‡πâ‡∏ô‡∏Å‡∏£‡∏≠‡∏á‡∏°‡∏ß‡∏ô‡πÄ‡∏¢‡πá‡∏ô Invictus-‡πÄ‡∏¢‡πá‡∏ô‡∏™‡∏∏‡∏î‡∏Ç‡∏±‡πâ‡∏ß 1 ‡∏Å‡∏•‡πà‡∏≠‡∏á 200 ‡∏°‡∏ß‡∏ô,"‡∏´‡∏•‡∏≠‡∏î‡∏Å‡∏£‡∏≠‡∏á‡∏°‡∏ß‡∏ô‡πÄ‡∏õ‡∏•‡πà‡∏≤ Invictus-‡πÄ‡∏¢‡πá‡∏ô‡∏™‡∏∏‡∏î‡∏Ç‡∏±‡πâ‡∏ß ‡∏Å‡∏•‡πà‡∏≠‡∏á‡∏Ç‡∏ô‡∏≤‡∏î 200 ‡∏°‡∏ß‡∏ô ‚Ä®‡∏Ñ‡∏∏‡∏ì‡∏†‡∏≤‡∏û‡∏î‡∏µ‡πÄ‡∏¢‡∏µ‡πà‡∏¢‡∏° ‡∏£‡∏≤‡∏Ñ‡∏≤‡∏õ‡∏£‡∏∞‡∏´‡∏¢‡∏±‡∏î ‡πÉ‡∏ä‡πâ‡∏Å‡∏±‡∏ö‡πÄ‡∏Ñ‡∏£‡∏∑‡πà‡∏≠‡∏á‡∏≠‡∏±‡∏î‡∏¢‡∏≤‡πÄ‡∏™‡πâ‡∏ô‡πÑ‡∏î‡πâ‡∏ó‡∏∏‡∏Å‡∏£‡∏∏‡πà‡∏ô‚Ä®‚Ä®","üßä ‡∏û‡∏£‡πâ‡∏≠‡∏°‡∏™‡πà‡∏á! ‡∏´‡∏•‡∏≠‡∏î‡∏Å‡∏£‡∏≠‡∏á‡∏°‡∏ß‡∏ô‡πÄ‡∏õ‡∏•‡πà‡∏≤ INVICTUS-‡∏ü‡πâ‡∏≤ (‡πÄ‡∏¢‡πá‡∏ô‡∏™‡∏∏‡∏î‡∏Ç‡∏±‡πâ‡∏ß) (200 ‡∏°‡∏ß‡∏ô) üßä

‡∏ó‡∏µ‡πà‡∏™‡∏∏‡∏î‡∏Ç‡∏≠‡∏á‡∏Ñ‡∏ß‡∏≤‡∏°‡πÄ‡∏¢‡πá‡∏ô! ‡∏™‡∏±‡∏°‡∏ú‡∏±‡∏™‡∏õ‡∏£‡∏∞‡∏™‡∏ö‡∏Å‡∏≤‡∏£‡∏ì‡πå‡∏Ñ‡∏ß‡∏≤‡∏°‡πÄ‡∏¢‡πá‡∏ô‡∏™‡∏∏‡∏î‡∏Ç‡∏±‡πâ‡∏ß‡∏Å‡∏±‡∏ö‡∏´‡∏•‡∏≠‡∏î‡πÄ‡∏õ‡∏•‡πà‡∏≤ INVICTUS ‡∏£‡∏∏‡πà‡∏ô‡∏™‡∏µ‡∏ü‡πâ‡∏≤ ‡∏ó‡∏µ‡πà‡∏°‡∏≤‡∏û‡∏£‡πâ‡∏≠‡∏°‡∏Å‡πâ‡∏ô‡∏Å‡∏£‡∏≠‡∏á‡πÄ‡∏¢‡πá‡∏ô‡πÅ‡∏ö‡∏ö‡πÑ‡∏≠‡∏ã‡πå‡∏ö‡∏•‡∏≤‡∏™‡∏ï‡πå ‡πÉ‡∏´‡πâ‡∏Ñ‡∏ß‡∏≤‡∏°‡∏£‡∏π‡πâ‡∏™‡∏∂‡∏Å‡∏™‡∏î‡∏ä‡∏∑‡πà‡∏ô ‡πÇ‡∏•‡πà‡∏á‡∏™‡∏ö‡∏≤‡∏¢‡πÉ‡∏ô‡∏ó‡∏∏‡∏Å‡∏Ñ‡∏≥ ‡πÄ‡∏´‡∏°‡∏≤‡∏∞‡∏™‡∏≥‡∏´‡∏£‡∏±‡∏ö‡∏ú‡∏π‡πâ‡∏ó‡∏µ‡πà‡∏°‡∏≠‡∏á‡∏´‡∏≤‡∏Ñ‡∏ß‡∏≤‡∏°‡πÄ‡∏¢‡πá‡∏ô‡∏£‡∏∞‡∏î‡∏±‡∏ö‡∏™‡∏π‡∏á‡∏™‡∏∏‡∏î

‚ú® ‡∏Ñ‡∏∏‡∏ì‡∏™‡∏°‡∏ö‡∏±‡∏ï‡∏¥‡πÄ‡∏î‡πà‡∏ô:
‚úÖ ‡∏¢‡∏µ‡πà‡∏´‡πâ‡∏≠: INVICTUS ‡∏£‡∏∏‡πà‡∏ô‡∏™‡∏µ‡∏ü‡πâ‡∏≤ (‡πÄ‡∏¢‡πá‡∏ô‡∏™‡∏∏‡∏î‡∏Ç‡∏±‡πâ‡∏ß)
‚úÖ ‡∏à‡∏∏‡∏î‡πÄ‡∏î‡πà‡∏ô: ‡∏Å‡πâ‡∏ô‡∏Å‡∏£‡∏≠‡∏á‡πÑ‡∏≠‡∏ã‡πå‡∏ö‡∏•‡∏≤‡∏™‡∏ï‡πå (Ice Blast) ‡πÉ‡∏´‡πâ‡∏Ñ‡∏ß‡∏≤‡∏°‡πÄ‡∏¢‡πá‡∏ô‡∏™‡∏î‡∏ä‡∏∑‡πà‡∏ô‡∏ñ‡∏∂‡∏á‡πÉ‡∏à
‚úÖ ‡∏à‡∏≥‡∏ô‡∏ß‡∏ô: 1 ‡∏Å‡∏•‡πà‡∏≠‡∏á ‡∏ö‡∏£‡∏£‡∏à‡∏∏ 200 ‡∏°‡∏ß‡∏ô‡πÄ‡∏ï‡πá‡∏°
‚úÖ ‡∏Ñ‡∏∏‡∏ì‡∏†‡∏≤‡∏û: ‡∏ú‡∏•‡∏¥‡∏ï‡∏à‡∏≤‡∏Å‡∏ß‡∏±‡∏™‡∏î‡∏∏‡∏Ñ‡∏∏‡∏ì‡∏†‡∏≤‡∏û‡∏™‡∏π‡∏á ‡∏Å‡∏£‡∏∞‡∏î‡∏≤‡∏©‡πÄ‡∏´‡∏ô‡∏µ‡∏¢‡∏ß‡∏ó‡∏ô‡∏ó‡∏≤‡∏ô
‚úÖ ‡∏Å‡∏≤‡∏£‡πÉ‡∏ä‡πâ‡∏á‡∏≤‡∏ô: ‡πÉ‡∏ä‡πâ‡πÑ‡∏î‡πâ‡∏Å‡∏±‡∏ö‡πÄ‡∏Ñ‡∏£‡∏∑‡πà‡∏≠‡∏á‡∏≠‡∏±‡∏î‡∏¢‡∏≤‡πÄ‡∏™‡πâ‡∏ô‡∏ó‡∏∏‡∏Å‡∏õ‡∏£‡∏∞‡πÄ‡∏†‡∏ó

üì¶ ‡∏™‡∏¥‡πà‡∏á‡∏ó‡∏µ‡πà‡∏Ñ‡∏∏‡∏ì‡∏à‡∏∞‡πÑ‡∏î‡πâ‡∏£‡∏±‡∏ö: ‡∏´‡∏•‡∏≠‡∏î‡∏Å‡∏£‡∏≠‡∏á‡∏°‡∏ß‡∏ô‡πÄ‡∏õ‡∏•‡πà‡∏≤ INVICTUS-‡∏ü‡πâ‡∏≤ 1 ‡∏Å‡∏•‡πà‡∏≠‡∏á (200 ‡∏°‡∏ß‡∏ô)

---
#‡∏´‡∏•‡∏≠‡∏î‡πÄ‡∏õ‡∏•‡πà‡∏≤ #‡∏°‡∏ß‡∏ô‡πÄ‡∏õ‡∏•‡πà‡∏≤ #‡∏Å‡πâ‡∏ô‡∏Å‡∏£‡∏≠‡∏á #INVICTUS #‡∏¢‡∏≤‡πÄ‡∏™‡πâ‡∏ô #‡πÄ‡∏Ñ‡∏£‡∏∑‡πà‡∏≠‡∏á‡∏≠‡∏±‡∏î‡∏¢‡∏≤‡πÄ‡∏™‡πâ‡∏ô #‡∏´‡∏•‡∏≠‡∏î‡πÄ‡∏¢‡πá‡∏ô #‡∏°‡∏ß‡∏ô‡πÄ‡∏¢‡πá‡∏ô #‡πÑ‡∏≠‡∏ã‡πå‡∏ö‡∏•‡∏≤‡∏™‡∏ï‡πå",80,120,‡∏Å‡πâ‡∏ô‡∏Å‡∏£‡∏≠‡∏á‡∏°‡∏ß‡∏ô‡πÄ‡∏õ‡∏•‡πà‡∏≤,https://udst2021.com/wp-content/uploads/2025/03/B6-B2.jpeg,https://udst2021.com/wp-content/uploads/2025/03/B6-B22.jpeg,https://udst2021.com/wp-content/uploads/2025/03/B6-B22.jpeg
‡∏Å‡πâ‡∏ô‡∏Å‡∏£‡∏≠‡∏á‡∏°‡∏ß‡∏ô‡πÄ‡∏¢‡πá‡∏ô,B2s,‡∏Å‡πâ‡∏ô‡∏Å‡∏£‡∏≠‡∏á‡∏°‡∏ß‡∏ô‡πÄ‡∏¢‡πá‡∏ô DUBERMAN-‡πÄ‡∏¢‡πá‡∏ô‡∏™‡∏∏‡∏î‡∏Ç‡∏±‡πâ‡∏ß 200 ‡∏°‡∏ß‡∏ô,‡∏Å‡πâ‡∏ô‡∏Å‡∏£‡∏≠‡∏á‡∏°‡∏ß‡∏ô‡πÄ‡∏¢‡πá‡∏ô DUBERMAN-‡πÄ‡∏¢‡πá‡∏ô‡∏™‡∏∏‡∏î‡∏Ç‡∏±‡πâ‡∏ß 1 ‡∏Å‡∏•‡πà‡∏≠‡∏á 200 ‡∏°‡∏ß‡∏ô,"‡∏´‡∏•‡∏≠‡∏î‡∏Å‡∏£‡∏≠‡∏á‡∏°‡∏ß‡∏ô‡πÄ‡∏õ‡∏•‡πà‡∏≤ DUBERMAN-‡πÄ‡∏¢‡πá‡∏ô‡∏™‡∏∏‡∏î‡∏Ç‡∏±‡πâ‡∏ß  ‡∏Å‡∏•‡πà‡∏≠‡∏á‡∏Ç‡∏ô‡∏≤‡∏î 200 ‡∏°‡∏ß‡∏ô ‚Ä®‡∏Ñ‡∏∏‡∏ì‡∏†‡∏≤‡∏û‡∏î‡∏µ‡πÄ‡∏¢‡∏µ‡πà‡∏¢‡∏° ‡∏£‡∏≤‡∏Ñ‡∏≤‡∏õ‡∏£‡∏∞‡∏´‡∏¢‡∏±‡∏î ‡πÉ‡∏ä‡πâ‡∏Å‡∏±‡∏ö‡πÄ‡∏Ñ‡∏£‡∏∑‡πà‡∏≠‡∏á‡∏≠‡∏±‡∏î‡∏¢‡∏≤‡πÄ‡∏™‡πâ‡∏ô‡πÑ‡∏î‡πâ‡∏ó‡∏∏‡∏Å‡∏£‡∏∏‡πà‡∏ô‚Ä®‚Ä®","üßä ‡∏û‡∏£‡πâ‡∏≠‡∏°‡∏™‡πà‡∏á! ‡∏´‡∏•‡∏≠‡∏î‡∏Å‡∏£‡∏≠‡∏á‡∏°‡∏ß‡∏ô‡πÄ‡∏õ‡∏•‡πà‡∏≤ DUBERMAN- (‡πÄ‡∏¢‡πá‡∏ô‡∏™‡∏∏‡∏î‡∏Ç‡∏±‡πâ‡∏ß) (200 ‡∏°‡∏ß‡∏ô) üßä

‡∏ó‡∏µ‡πà‡∏™‡∏∏‡∏î‡∏Ç‡∏≠‡∏á‡∏Ñ‡∏ß‡∏≤‡∏°‡πÄ‡∏¢‡πá‡∏ô! ‡∏™‡∏±‡∏°‡∏ú‡∏±‡∏™‡∏õ‡∏£‡∏∞‡∏™‡∏ö‡∏Å‡∏≤‡∏£‡∏ì‡πå‡∏Ñ‡∏ß‡∏≤‡∏°‡πÄ‡∏¢‡πá‡∏ô‡∏™‡∏∏‡∏î‡∏Ç‡∏±‡πâ‡∏ß‡∏Å‡∏±‡∏ö‡∏´‡∏•‡∏≠‡∏î‡πÄ‡∏õ‡∏•‡πà‡∏≤ DUBERMAN ‡∏£‡∏∏‡πà‡∏ô‡∏™‡∏µ‡∏ü‡πâ‡∏≤ ‡∏ó‡∏µ‡πà‡∏°‡∏≤‡∏û‡∏£‡πâ‡∏≠‡∏°‡∏Å‡πâ‡∏ô‡∏Å‡∏£‡∏≠‡∏á‡πÄ‡∏¢‡πá‡∏ô‡πÅ‡∏ö‡∏ö‡πÑ‡∏≠‡∏ã‡πå‡∏ö‡∏•‡∏≤‡∏™‡∏ï‡πå ‡πÉ‡∏´‡πâ‡∏Ñ‡∏ß‡∏≤‡∏°‡∏£‡∏π‡πâ‡∏™‡∏∂‡∏Å‡∏™‡∏î‡∏ä‡∏∑‡πà‡∏ô ‡πÇ‡∏•‡πà‡∏á‡∏™‡∏ö‡∏≤‡∏¢‡πÉ‡∏ô‡∏ó‡∏∏‡∏Å‡∏Ñ‡∏≥ ‡πÄ‡∏´‡∏°‡∏≤‡∏∞‡∏™‡∏≥‡∏´‡∏£‡∏±‡∏ö‡∏ú‡∏π‡πâ‡∏ó‡∏µ‡πà‡∏°‡∏≠‡∏á‡∏´‡∏≤‡∏Ñ‡∏ß‡∏≤‡∏°‡πÄ‡∏¢‡πá‡∏ô‡∏£‡∏∞‡∏î‡∏±‡∏ö‡∏™‡∏π‡∏á‡∏™‡∏∏‡∏î

‚ú® ‡∏Ñ‡∏∏‡∏ì‡∏™‡∏°‡∏ö‡∏±‡∏ï‡∏¥‡πÄ‡∏î‡πà‡∏ô:
‚úÖ ‡∏¢‡∏µ‡πà‡∏´‡πâ‡∏≠: DUBERMAN ‡∏£‡∏∏‡πà‡∏ô (‡πÄ‡∏¢‡πá‡∏ô‡∏™‡∏∏‡∏î‡∏Ç‡∏±‡πâ‡∏ß)
‚úÖ ‡∏à‡∏∏‡∏î‡πÄ‡∏î‡πà‡∏ô: ‡∏Å‡πâ‡∏ô‡∏Å‡∏£‡∏≠‡∏á‡πÑ‡∏≠‡∏ã‡πå‡∏ö‡∏•‡∏≤‡∏™‡∏ï‡πå (Ice Blast) ‡πÉ‡∏´‡πâ‡∏Ñ‡∏ß‡∏≤‡∏°‡πÄ‡∏¢‡πá‡∏ô‡∏™‡∏î‡∏ä‡∏∑‡πà‡∏ô‡∏ñ‡∏∂‡∏á‡πÉ‡∏à
‚úÖ ‡∏à‡∏≥‡∏ô‡∏ß‡∏ô: 1 ‡∏Å‡∏•‡πà‡∏≠‡∏á ‡∏ö‡∏£‡∏£‡∏à‡∏∏ 200 ‡∏°‡∏ß‡∏ô‡πÄ‡∏ï‡πá‡∏°
‚úÖ ‡∏Ñ‡∏∏‡∏ì‡∏†‡∏≤‡∏û: ‡∏ú‡∏•‡∏¥‡∏ï‡∏à‡∏≤‡∏Å‡∏ß‡∏±‡∏™‡∏î‡∏∏‡∏Ñ‡∏∏‡∏ì‡∏†‡∏≤‡∏û‡∏™‡∏π‡∏á ‡∏Å‡∏£‡∏∞‡∏î‡∏≤‡∏©‡πÄ‡∏´‡∏ô‡∏µ‡∏¢‡∏ß‡∏ó‡∏ô‡∏ó‡∏≤‡∏ô
‚úÖ ‡∏Å‡∏≤‡∏£‡πÉ‡∏ä‡πâ‡∏á‡∏≤‡∏ô: ‡πÉ‡∏ä‡πâ‡πÑ‡∏î‡πâ‡∏Å‡∏±‡∏ö‡πÄ‡∏Ñ‡∏£‡∏∑‡πà‡∏≠‡∏á‡∏≠‡∏±‡∏î‡∏¢‡∏≤‡πÄ‡∏™‡πâ‡∏ô‡∏ó‡∏∏‡∏Å‡∏õ‡∏£‡∏∞‡πÄ‡∏†‡∏ó

üì¶ ‡∏™‡∏¥‡πà‡∏á‡∏ó‡∏µ‡πà‡∏Ñ‡∏∏‡∏ì‡∏à‡∏∞‡πÑ‡∏î‡πâ‡∏£‡∏±‡∏ö: ‡∏´‡∏•‡∏≠‡∏î‡∏Å‡∏£‡∏≠‡∏á‡∏°‡∏ß‡∏ô‡πÄ‡∏õ‡∏•‡πà‡∏≤ DUBERMAN-‡πÄ‡∏¢‡πá‡∏ô‡∏™‡∏∏‡∏î‡∏Ç‡∏±‡πâ‡∏ß1 ‡∏Å‡∏•‡πà‡∏≠‡∏á (200 ‡∏°‡∏ß‡∏ô)

---
#‡∏´‡∏•‡∏≠‡∏î‡πÄ‡∏õ‡∏•‡πà‡∏≤ #‡∏°‡∏ß‡∏ô‡πÄ‡∏õ‡∏•‡πà‡∏≤ #‡∏Å‡πâ‡∏ô‡∏Å‡∏£‡∏≠‡∏á #DUBERMAN #‡∏¢‡∏≤‡πÄ‡∏™‡πâ‡∏ô #‡πÄ‡∏Ñ‡∏£‡∏∑‡πà‡∏≠‡∏á‡∏≠‡∏±‡∏î‡∏¢‡∏≤‡πÄ‡∏™‡πâ‡∏ô #‡∏´‡∏•‡∏≠‡∏î‡πÄ‡∏¢‡πá‡∏ô #‡∏°‡∏ß‡∏ô‡πÄ‡∏¢‡πá‡∏ô #‡πÑ‡∏≠‡∏ã‡πå‡∏ö‡∏•‡∏≤‡∏™‡∏ï‡πå",100,120,‡∏Å‡πâ‡∏ô‡∏Å‡∏£‡∏≠‡∏á‡∏°‡∏ß‡∏ô‡πÄ‡∏õ‡∏•‡πà‡∏≤,https://udst2021.com/wp-content/uploads/2025/03/B6-B2s.jpeg,https://udst2021.com/wp-content/uploads/2025/03/B6_B2s1.jpeg,https://udst2021.com/wp-content/uploads/2025/03/B6-B2s1.jpeg
‡∏Å‡πâ‡∏ô‡∏Å‡∏£‡∏≠‡∏á‡∏°‡∏ß‡∏ô‡πÄ‡∏¢‡πá‡∏ô,B3,‡∏Å‡πâ‡∏ô‡∏Å‡∏£‡∏≠‡∏á‡∏°‡∏ß‡∏ô‡πÄ‡∏¢‡πá‡∏ô Rollo-‡πÄ‡∏Ç‡∏µ‡∏¢‡∏ß 200 ‡∏°‡∏ß‡∏ô,‡∏Å‡πâ‡∏ô‡∏Å‡∏£‡∏≠‡∏á‡∏°‡∏ß‡∏ô‡πÄ‡∏¢‡πá‡∏ô Rollo-‡πÄ‡∏Ç‡∏µ‡∏¢‡∏ß 1 ‡∏Å‡∏•‡πà‡∏≠‡∏á 200 ‡∏°‡∏ß‡∏ô,"‡∏´‡∏•‡∏≠‡∏î‡∏Å‡∏£‡∏≠‡∏á‡∏°‡∏ß‡∏ô‡πÄ‡∏õ‡∏•‡πà‡∏≤ Rollo-‡πÄ‡∏Ç‡∏µ‡∏¢‡∏ß ( ‡πÄ‡∏¢‡πá‡∏ô ) ‡∏Å‡∏•‡πà‡∏≠‡∏á‡∏Ç‡∏ô‡∏≤‡∏î 200 ‡∏°‡∏ß‡∏ô ‚Ä®‡∏Ñ‡∏∏‡∏ì‡∏†‡∏≤‡∏û‡∏î‡∏µ‡πÄ‡∏¢‡∏µ‡πà‡∏¢‡∏° ‡∏£‡∏≤‡∏Ñ‡∏≤‡∏õ‡∏£‡∏∞‡∏´‡∏¢‡∏±‡∏î ‡πÉ‡∏ä‡πâ‡∏Å‡∏±‡∏ö‡πÄ‡∏Ñ‡∏£‡∏∑‡πà‡∏≠‡∏á‡∏≠‡∏±‡∏î‡∏¢‡∏≤‡πÄ‡∏™‡πâ‡∏ô‡πÑ‡∏î‡πâ‡∏ó‡∏∏‡∏Å‡∏£‡∏∏‡πà‡∏ô‚Ä®‚Ä®","‚ùÑÔ∏è ‡∏û‡∏£‡πâ‡∏≠‡∏°‡∏™‡πà‡∏á! ‡∏´‡∏•‡∏≠‡∏î‡∏Å‡∏£‡∏≠‡∏á‡∏°‡∏ß‡∏ô‡πÄ‡∏õ‡∏•‡πà‡∏≤ ROLLO-‡πÄ‡∏Ç‡∏µ‡∏¢‡∏ß (‡πÄ‡∏¢‡πá‡∏ô) (200 ‡∏°‡∏ß‡∏ô) ‚ùÑÔ∏è

‡πÄ‡∏õ‡∏•‡∏µ‡πà‡∏¢‡∏ô‡∏õ‡∏£‡∏∞‡∏™‡∏ö‡∏Å‡∏≤‡∏£‡∏ì‡πå‡∏Å‡∏≤‡∏£‡∏™‡∏π‡∏ö‡πÅ‡∏ö‡∏ö‡πÄ‡∏î‡∏¥‡∏°‡πÜ ‡πÉ‡∏´‡πâ‡∏™‡∏î‡∏ä‡∏∑‡πà‡∏ô‡∏¢‡∏¥‡πà‡∏á‡∏Ç‡∏∂‡πâ‡∏ô! ‡∏Å‡∏±‡∏ö‡∏´‡∏•‡∏≠‡∏î‡πÄ‡∏õ‡∏•‡πà‡∏≤ FIREBOX ‡∏£‡∏∏‡πà‡∏ô‡∏™‡∏µ‡πÄ‡∏Ç‡∏µ‡∏¢‡∏ß ‡∏ó‡∏µ‡πà‡∏°‡∏≤‡∏û‡∏£‡πâ‡∏≠‡∏°‡∏Å‡πâ‡∏ô‡∏Å‡∏£‡∏≠‡∏á‡πÄ‡∏¢‡πá‡∏ô‡∏û‡∏¥‡πÄ‡∏®‡∏© ‡∏ä‡πà‡∏ß‡∏¢‡πÄ‡∏û‡∏¥‡πà‡∏°‡∏Ñ‡∏ß‡∏≤‡∏°‡∏´‡∏≠‡∏°‡πÄ‡∏¢‡πá‡∏ô ‡∏™‡∏î‡∏ä‡∏∑‡πà‡∏ô‡πÉ‡∏ô‡∏ó‡∏∏‡∏Å‡∏Ñ‡∏£‡∏±‡πâ‡∏á‡∏ó‡∏µ‡πà‡πÉ‡∏ä‡πâ‡∏á‡∏≤‡∏ô ‡πÄ‡∏´‡∏°‡∏≤‡∏∞‡∏™‡∏≥‡∏´‡∏£‡∏±‡∏ö‡∏ú‡∏π‡πâ‡∏ó‡∏µ‡πà‡∏ä‡∏∑‡πà‡∏ô‡∏ä‡∏≠‡∏ö‡∏Ñ‡∏ß‡∏≤‡∏°‡πÄ‡∏¢‡πá‡∏ô‡πÄ‡∏õ‡πá‡∏ô‡∏û‡∏¥‡πÄ‡∏®‡∏©

‚ú® ‡∏Ñ‡∏∏‡∏ì‡∏™‡∏°‡∏ö‡∏±‡∏ï‡∏¥‡πÄ‡∏î‡πà‡∏ô:
‚úÖ ‡∏¢‡∏µ‡πà‡∏´‡πâ‡∏≠: Rollo ‡∏£‡∏∏‡πà‡∏ô‡∏™‡∏µ‡πÄ‡∏Ç‡∏µ‡∏¢‡∏ß (‡πÄ‡∏¢‡πá‡∏ô)
‚úÖ ‡∏à‡∏∏‡∏î‡πÄ‡∏î‡πà‡∏ô: ‡∏Å‡πâ‡∏ô‡∏Å‡∏£‡∏≠‡∏á‡πÄ‡∏¢‡πá‡∏ô‡∏û‡∏¥‡πÄ‡∏®‡∏© ‡πÉ‡∏´‡πâ‡∏Ñ‡∏ß‡∏≤‡∏°‡∏£‡∏π‡πâ‡∏™‡∏∂‡∏Å‡∏™‡∏î‡∏ä‡∏∑‡πà‡∏ô
‚úÖ ‡∏Ñ‡∏∏‡∏ì‡∏†‡∏≤‡∏û: ‡πÄ‡∏ô‡∏∑‡πâ‡∏≠‡∏Å‡∏£‡∏∞‡∏î‡∏≤‡∏©‡∏Ñ‡∏∏‡∏ì‡∏†‡∏≤‡∏û‡∏î‡∏µ ‡πÄ‡∏ú‡∏≤‡πÑ‡∏´‡∏°‡πâ‡∏ä‡πâ‡∏≤‡πÅ‡∏•‡∏∞‡∏™‡∏°‡πà‡∏≥‡πÄ‡∏™‡∏°‡∏≠
‚úÖ ‡∏Å‡∏≤‡∏ß: ‡∏°‡∏µ‡πÅ‡∏ñ‡∏ö‡∏Å‡∏≤‡∏ß‡∏ò‡∏£‡∏£‡∏°‡∏ä‡∏≤‡∏ï‡∏¥‡πÉ‡∏ô‡∏ï‡∏±‡∏ß ‡∏ï‡∏¥‡∏î‡∏á‡πà‡∏≤‡∏¢‡πÅ‡∏•‡∏∞‡∏õ‡∏•‡∏≠‡∏î‡∏†‡∏±‡∏¢
‚úÖ ‡∏Å‡∏≤‡∏£‡πÉ‡∏ä‡πâ‡∏á‡∏≤‡∏ô: ‡πÄ‡∏´‡∏°‡∏≤‡∏∞‡∏™‡∏≥‡∏´‡∏£‡∏±‡∏ö‡∏ô‡∏±‡∏Å‡∏°‡∏ß‡∏ô‡∏ó‡∏∏‡∏Å‡∏Ñ‡∏ô ‡∏ó‡∏±‡πâ‡∏á‡∏°‡∏∑‡∏≠‡πÉ‡∏´‡∏°‡πà‡πÅ‡∏•‡∏∞‡∏°‡∏∑‡∏≠‡∏≠‡∏≤‡∏ä‡∏µ‡∏û
‚úÖ ‡∏à‡∏≥‡∏ô‡∏ß‡∏ô: 1 ‡∏Å‡∏•‡πà‡∏≠‡∏á ‡∏ö‡∏£‡∏£‡∏à‡∏∏ 200 ‡∏°‡∏ß‡∏ô‡πÄ‡∏ï‡πá‡∏°
‚úÖ ‡∏Ñ‡∏∏‡∏ì‡∏†‡∏≤‡∏û: ‡∏Å‡∏£‡∏∞‡∏î‡∏≤‡∏©‡πÄ‡∏Å‡∏£‡∏î‡∏û‡∏£‡∏µ‡πÄ‡∏°‡∏µ‡∏¢‡∏° ‡πÑ‡∏°‡πà‡πÄ‡∏õ‡∏∑‡πà‡∏≠‡∏¢‡∏¢‡∏∏‡πà‡∏¢‡∏á‡πà‡∏≤‡∏¢‡πÄ‡∏°‡∏∑‡πà‡∏≠‡πÇ‡∏î‡∏ô‡∏Ñ‡∏ß‡∏≤‡∏°‡∏ä‡∏∑‡πâ‡∏ô
‚úÖ ‡∏Å‡∏≤‡∏£‡πÉ‡∏ä‡πâ‡∏á‡∏≤‡∏ô: ‡∏≠‡∏≠‡∏Å‡πÅ‡∏ö‡∏ö‡∏°‡∏≤‡∏≠‡∏¢‡πà‡∏≤‡∏á‡∏î‡∏µ‡πÄ‡∏¢‡∏µ‡πà‡∏¢‡∏°‡∏™‡∏≥‡∏´‡∏£‡∏±‡∏ö‡πÄ‡∏Ñ‡∏£‡∏∑‡πà‡∏≠‡∏á‡∏≠‡∏±‡∏î‡∏¢‡∏≤‡πÄ‡∏™‡πâ‡∏ô‡∏ó‡∏∏‡∏Å‡∏£‡∏∏‡πà‡∏ô

üì¶ ‡∏™‡∏¥‡πà‡∏á‡∏ó‡∏µ‡πà‡∏Ñ‡∏∏‡∏ì‡∏à‡∏∞‡πÑ‡∏î‡πâ‡∏£‡∏±‡∏ö: ‡∏´‡∏•‡∏≠‡∏î‡∏Å‡∏£‡∏≠‡∏á‡∏°‡∏ß‡∏ô‡πÄ‡∏õ‡∏•‡πà‡∏≤ Rollo-‡πÄ‡∏Ç‡∏µ‡∏¢‡∏ß 1 ‡∏Å‡∏•‡πà‡∏≠‡∏á (200 ‡∏°‡∏ß‡∏ô)

---
#‡∏´‡∏•‡∏≠‡∏î‡πÄ‡∏õ‡∏•‡πà‡∏≤ #‡∏°‡∏ß‡∏ô‡πÄ‡∏õ‡∏•‡πà‡∏≤ #‡∏Å‡πâ‡∏ô‡∏Å‡∏£‡∏≠‡∏á #Rollo #‡∏¢‡∏≤‡πÄ‡∏™‡πâ‡∏ô #‡πÄ‡∏Ñ‡∏£‡∏∑‡πà‡∏≠‡∏á‡∏≠‡∏±‡∏î‡∏¢‡∏≤‡πÄ‡∏™‡πâ‡∏ô #‡∏´‡∏•‡∏≠‡∏î‡πÄ‡∏¢‡πá‡∏ô #‡∏°‡∏ß‡∏ô‡πÄ‡∏¢‡πá‡∏ô",80,120,‡∏Å‡πâ‡∏ô‡∏Å‡∏£‡∏≠‡∏á‡∏°‡∏ß‡∏ô‡πÄ‡∏õ‡∏•‡πà‡∏≤,https://udst2021.com/wp-content/uploads/2025/03/B6-B3.jpeg,https://udst2021.com/wp-content/uploads/2025/03/B6_B31.jpeg,https://udst2021.com/wp-content/uploads/2025/03/B6-B32.jpeg
‡∏Å‡πâ‡∏ô‡∏Å‡∏£‡∏≠‡∏á‡∏°‡∏ß‡∏ô‡πÄ‡∏¢‡πá‡∏ô,B4,‡∏Å‡πâ‡∏ô‡∏Å‡∏£‡∏≠‡∏á‡∏°‡∏ß‡∏ô‡πÄ‡∏¢‡πá‡∏ô Firebox-‡πÄ‡∏Ç‡∏µ‡∏¢‡∏ß 250 ‡∏°‡∏ß‡∏ô,‡∏Å‡πâ‡∏ô‡∏Å‡∏£‡∏≠‡∏á‡∏°‡∏ß‡∏ô‡πÄ‡∏¢‡πá‡∏ô Firebox-‡πÄ‡∏Ç‡∏µ‡∏¢‡∏ß 1 ‡∏Å‡∏•‡πà‡∏≠‡∏á 250 ‡∏°‡∏ß‡∏ô,"‡∏´‡∏•‡∏≠‡∏î‡∏Å‡∏£‡∏≠‡∏á‡∏°‡∏ß‡∏ô‡πÄ‡∏õ‡∏•‡πà‡∏≤ Firebox-‡πÄ‡∏Ç‡∏µ‡∏¢‡∏ß ( ‡πÄ‡∏¢‡πá‡∏ô ) ‡∏Å‡∏•‡πà‡∏≠‡∏á‡∏Ç‡∏ô‡∏≤‡∏î 250 ‡∏°‡∏ß‡∏ô ‚Ä®‡∏Ñ‡∏∏‡∏ì‡∏†‡∏≤‡∏û‡∏î‡∏µ‡πÄ‡∏¢‡∏µ‡πà‡∏¢‡∏° ‡∏£‡∏≤‡∏Ñ‡∏≤‡∏õ‡∏£‡∏∞‡∏´‡∏¢‡∏±‡∏î ‡πÉ‡∏ä‡πâ‡∏Å‡∏±‡∏ö‡πÄ‡∏Ñ‡∏£‡∏∑‡πà‡∏≠‡∏á‡∏≠‡∏±‡∏î‡∏¢‡∏≤‡πÄ‡∏™‡πâ‡∏ô‡πÑ‡∏î‡πâ‡∏ó‡∏∏‡∏Å‡∏£‡∏∏‡πà‡∏ô‚Ä®‚Ä®","‚ùÑÔ∏è ‡∏û‡∏£‡πâ‡∏≠‡∏°‡∏™‡πà‡∏á! ‡∏´‡∏•‡∏≠‡∏î‡∏Å‡∏£‡∏≠‡∏á‡∏°‡∏ß‡∏ô‡πÄ‡∏õ‡∏•‡πà‡∏≤ FIREBOX-‡πÄ‡∏Ç‡∏µ‡∏¢‡∏ß (‡πÄ‡∏¢‡πá‡∏ô) (250 ‡∏°‡∏ß‡∏ô) ‚ùÑÔ∏è

‡πÄ‡∏õ‡∏•‡∏µ‡πà‡∏¢‡∏ô‡∏õ‡∏£‡∏∞‡∏™‡∏ö‡∏Å‡∏≤‡∏£‡∏ì‡πå‡∏Å‡∏≤‡∏£‡∏™‡∏π‡∏ö‡πÅ‡∏ö‡∏ö‡πÄ‡∏î‡∏¥‡∏°‡πÜ ‡πÉ‡∏´‡πâ‡∏™‡∏î‡∏ä‡∏∑‡πà‡∏ô‡∏¢‡∏¥‡πà‡∏á‡∏Ç‡∏∂‡πâ‡∏ô! ‡∏Å‡∏±‡∏ö‡∏´‡∏•‡∏≠‡∏î‡πÄ‡∏õ‡∏•‡πà‡∏≤ FIREBOX ‡∏£‡∏∏‡πà‡∏ô‡∏™‡∏µ‡πÄ‡∏Ç‡∏µ‡∏¢‡∏ß ‡∏ó‡∏µ‡πà‡∏°‡∏≤‡∏û‡∏£‡πâ‡∏≠‡∏°‡∏Å‡πâ‡∏ô‡∏Å‡∏£‡∏≠‡∏á‡πÄ‡∏¢‡πá‡∏ô‡∏û‡∏¥‡πÄ‡∏®‡∏© ‡∏ä‡πà‡∏ß‡∏¢‡πÄ‡∏û‡∏¥‡πà‡∏°‡∏Ñ‡∏ß‡∏≤‡∏°‡∏´‡∏≠‡∏°‡πÄ‡∏¢‡πá‡∏ô ‡∏™‡∏î‡∏ä‡∏∑‡πà‡∏ô‡πÉ‡∏ô‡∏ó‡∏∏‡∏Å‡∏Ñ‡∏£‡∏±‡πâ‡∏á‡∏ó‡∏µ‡πà‡πÉ‡∏ä‡πâ‡∏á‡∏≤‡∏ô ‡πÄ‡∏´‡∏°‡∏≤‡∏∞‡∏™‡∏≥‡∏´‡∏£‡∏±‡∏ö‡∏ú‡∏π‡πâ‡∏ó‡∏µ‡πà‡∏ä‡∏∑‡πà‡∏ô‡∏ä‡∏≠‡∏ö‡∏Ñ‡∏ß‡∏≤‡∏°‡πÄ‡∏¢‡πá‡∏ô‡πÄ‡∏õ‡πá‡∏ô‡∏û‡∏¥‡πÄ‡∏®‡∏©

‚ú® ‡∏Ñ‡∏∏‡∏ì‡∏™‡∏°‡∏ö‡∏±‡∏ï‡∏¥‡πÄ‡∏î‡πà‡∏ô:
‚úÖ ‡∏¢‡∏µ‡πà‡∏´‡πâ‡∏≠: FIREBOX ‡∏£‡∏∏‡πà‡∏ô‡∏™‡∏µ‡πÄ‡∏Ç‡∏µ‡∏¢‡∏ß (‡πÄ‡∏¢‡πá‡∏ô)
‚úÖ ‡∏à‡∏∏‡∏î‡πÄ‡∏î‡πà‡∏ô: ‡∏Å‡πâ‡∏ô‡∏Å‡∏£‡∏≠‡∏á‡πÄ‡∏¢‡πá‡∏ô‡∏û‡∏¥‡πÄ‡∏®‡∏© ‡πÉ‡∏´‡πâ‡∏Ñ‡∏ß‡∏≤‡∏°‡∏£‡∏π‡πâ‡∏™‡∏∂‡∏Å‡∏™‡∏î‡∏ä‡∏∑‡πà‡∏ô
‚úÖ ‡∏à‡∏≥‡∏ô‡∏ß‡∏ô: 1 ‡∏Å‡∏•‡πà‡∏≠‡∏á ‡∏ö‡∏£‡∏£‡∏à‡∏∏ 250 ‡∏°‡∏ß‡∏ô‡πÄ‡∏ï‡πá‡∏°
‚úÖ ‡∏Ñ‡∏∏‡∏ì‡∏†‡∏≤‡∏û: ‡∏Å‡∏£‡∏∞‡∏î‡∏≤‡∏©‡πÄ‡∏Å‡∏£‡∏î‡∏û‡∏£‡∏µ‡πÄ‡∏°‡∏µ‡∏¢‡∏° ‡πÑ‡∏°‡πà‡πÄ‡∏õ‡∏∑‡πà‡∏≠‡∏¢‡∏¢‡∏∏‡πà‡∏¢‡∏á‡πà‡∏≤‡∏¢‡πÄ‡∏°‡∏∑‡πà‡∏≠‡πÇ‡∏î‡∏ô‡∏Ñ‡∏ß‡∏≤‡∏°‡∏ä‡∏∑‡πâ‡∏ô
‚úÖ ‡∏Å‡∏≤‡∏£‡πÉ‡∏ä‡πâ‡∏á‡∏≤‡∏ô: ‡∏≠‡∏≠‡∏Å‡πÅ‡∏ö‡∏ö‡∏°‡∏≤‡∏≠‡∏¢‡πà‡∏≤‡∏á‡∏î‡∏µ‡πÄ‡∏¢‡∏µ‡πà‡∏¢‡∏°‡∏™‡∏≥‡∏´‡∏£‡∏±‡∏ö‡πÄ‡∏Ñ‡∏£‡∏∑‡πà‡∏≠‡∏á‡∏≠‡∏±‡∏î‡∏¢‡∏≤‡πÄ‡∏™‡πâ‡∏ô‡∏ó‡∏∏‡∏Å‡∏£‡∏∏‡πà‡∏ô

üì¶ ‡∏™‡∏¥‡πà‡∏á‡∏ó‡∏µ‡πà‡∏Ñ‡∏∏‡∏ì‡∏à‡∏∞‡πÑ‡∏î‡πâ‡∏£‡∏±‡∏ö: ‡∏´‡∏•‡∏≠‡∏î‡∏Å‡∏£‡∏≠‡∏á‡∏°‡∏ß‡∏ô‡πÄ‡∏õ‡∏•‡πà‡∏≤ FIREBOX-‡πÄ‡∏Ç‡∏µ‡∏¢‡∏ß 1 ‡∏Å‡∏•‡πà‡∏≠‡∏á (250 ‡∏°‡∏ß‡∏ô)

---
#‡∏´‡∏•‡∏≠‡∏î‡πÄ‡∏õ‡∏•‡πà‡∏≤ #‡∏°‡∏ß‡∏ô‡πÄ‡∏õ‡∏•‡πà‡∏≤ #‡∏Å‡πâ‡∏ô‡∏Å‡∏£‡∏≠‡∏á #FIREBOX #‡∏¢‡∏≤‡πÄ‡∏™‡πâ‡∏ô #‡πÄ‡∏Ñ‡∏£‡∏∑‡πà‡∏≠‡∏á‡∏≠‡∏±‡∏î‡∏¢‡∏≤‡πÄ‡∏™‡πâ‡∏ô #‡∏´‡∏•‡∏≠‡∏î‡πÄ‡∏¢‡πá‡∏ô #‡∏°‡∏ß‡∏ô‡πÄ‡∏¢‡πá‡∏ô",80,120,‡∏Å‡πâ‡∏ô‡∏Å‡∏£‡∏≠‡∏á‡∏°‡∏ß‡∏ô‡πÄ‡∏õ‡∏•‡πà‡∏≤,https://udst2021.com/wp-content/uploads/2025/03/B6-B4.jpeg,https://udst2021.com/wp-content/uploads/2025/03/B6_B41.jpeg,https://udst2021.com/wp-content/uploads/2025/03/B6-B42.jpeg
‡∏Å‡πâ‡∏ô‡∏Å‡∏£‡∏≠‡∏á‡∏°‡∏ß‡∏ô‡πÄ‡∏°‡πá‡∏î‡∏ö‡∏µ‡∏ö,C1,‡∏Å‡πâ‡∏ô‡∏Å‡∏£‡∏≠‡∏á‡∏°‡∏ß‡∏ô‡πÄ‡∏°‡πá‡∏î‡∏ö‡∏µ‡∏ö FREsH BoMB-‡∏Å‡∏•‡∏¥‡πà‡∏ô ‡πÄ‡∏ö‡∏≠‡∏£‡πå‡∏£‡∏µ‡∏°‡∏¥‡πâ‡∏ô‡∏ó‡πå 100 ‡∏°‡∏ß‡∏ô,‡∏Å‡πâ‡∏ô‡∏Å‡∏£‡∏≠‡∏á‡∏°‡∏ß‡∏ô‡πÄ‡∏°‡πá‡∏î‡∏ö‡∏µ‡∏ö FREsH BoMB-‡∏Å‡∏•‡∏¥‡πà‡∏ô ‡πÄ‡∏ö‡∏≠‡∏£‡πå‡∏£‡∏µ‡∏°‡∏¥‡πâ‡∏ô‡∏ó‡πå 1 ‡∏Å‡∏•‡πà‡∏≠‡∏á 100 ‡∏°‡∏ß‡∏ô,‡∏Å‡πâ‡∏ô‡∏Å‡∏£‡∏≠‡∏á‡πÄ‡∏°‡πá‡∏î‡∏ö‡∏µ‡∏ö FREsH BoMB ‡∏Å‡∏•‡∏¥‡πà‡∏ô‡πÄ‡∏ö‡∏≠‡∏£‡πå‡∏£‡∏µ‡∏°‡∏¥‡πâ‡∏ô‡∏ó‡πå 100 ‡∏°‡∏ß‡∏ô/‡∏Å‡∏•‡πà‡∏≠‡∏á ‡πÄ‡∏û‡∏¥‡πà‡∏°‡∏Ñ‡∏ß‡∏≤‡∏°‡∏´‡∏≠‡∏°‡πÄ‡∏¢‡πá‡∏ô‡∏™‡∏î‡∏ä‡∏∑‡πà‡∏ô ‡πÅ‡∏Ñ‡πà‡∏ö‡∏µ‡∏ö‡∏Å‡πá‡∏´‡∏≠‡∏°‡∏ó‡∏±‡∏ô‡∏ó‡∏µ,"üçì ‡∏û‡∏£‡πâ‡∏≠‡∏°‡∏™‡πà‡∏á! ‡∏Å‡πâ‡∏ô‡∏Å‡∏£‡∏≠‡∏á‡πÄ‡∏°‡πá‡∏î‡∏ö‡∏µ‡∏ö FREsH BoMB ‡∏Å‡∏•‡∏¥‡πà‡∏ô‡πÄ‡∏ö‡∏≠‡∏£‡πå‡∏£‡∏µ‡∏°‡∏¥‡πâ‡∏ô‡∏ó‡πå (100 ‡∏°‡∏ß‡∏ô) üçì

‡πÄ‡∏õ‡∏•‡∏µ‡πà‡∏¢‡∏ô‡∏Å‡∏≤‡∏£‡∏°‡∏ß‡∏ô‡πÉ‡∏´‡πâ‡∏™‡∏ô‡∏∏‡∏Å‡πÅ‡∏•‡∏∞‡∏´‡∏≠‡∏°‡∏™‡∏î‡∏ä‡∏∑‡πà‡∏ô‡∏Å‡∏ß‡πà‡∏≤‡πÄ‡∏î‡∏¥‡∏°‡∏î‡πâ‡∏ß‡∏¢‡∏Å‡πâ‡∏ô‡∏Å‡∏£‡∏≠‡∏á‡πÄ‡∏°‡πá‡∏î‡∏ö‡∏µ‡∏ö‡∏à‡∏≤‡∏Å FREsH BoMB ‡∏Å‡∏•‡∏¥‡πà‡∏ô‡πÄ‡∏ö‡∏≠‡∏£‡πå‡∏£‡∏µ‡∏°‡∏¥‡πâ‡∏ô‡∏ó‡πå‡∏™‡∏∏‡∏î‡∏Æ‡∏¥‡∏ï ‡πÄ‡∏û‡∏µ‡∏¢‡∏á‡πÅ‡∏Ñ‡πà ""‡∏ö‡∏µ‡∏ö"" ‡πÄ‡∏°‡πá‡∏î‡πÅ‡∏Ñ‡∏õ‡∏ã‡∏π‡∏•‡∏ó‡∏µ‡πà‡∏Å‡πâ‡∏ô‡∏Å‡∏£‡∏≠‡∏á‡∏Å‡πà‡∏≠‡∏ô‡πÉ‡∏ä‡πâ ‡∏Å‡πá‡∏à‡∏∞‡πÑ‡∏î‡πâ‡∏£‡∏±‡∏ö‡∏Ñ‡∏ß‡∏≤‡∏°‡∏´‡∏≠‡∏°‡∏´‡∏ß‡∏≤‡∏ô‡∏≠‡∏°‡πÄ‡∏õ‡∏£‡∏µ‡πâ‡∏¢‡∏ß‡∏Ç‡∏≠‡∏á‡πÄ‡∏ö‡∏≠‡∏£‡πå‡∏£‡∏µ‡πÅ‡∏•‡∏∞‡∏Ñ‡∏ß‡∏≤‡∏°‡πÄ‡∏¢‡πá‡∏ô‡∏ã‡πà‡∏≤‡∏Ç‡∏≠‡∏á‡∏°‡∏¥‡πâ‡∏ô‡∏ó‡πå‡∏ó‡∏±‡∏ô‡∏ó‡∏µ

‚ú® ‡∏Ñ‡∏∏‡∏ì‡∏™‡∏°‡∏ö‡∏±‡∏ï‡∏¥‡πÄ‡∏î‡πà‡∏ô:
‚Ä¢ ‡πÅ‡∏ö‡∏£‡∏ô‡∏î‡πå: FREsH BoMB
‚Ä¢ ‡∏Å‡∏•‡∏¥‡πà‡∏ô: ‡πÄ‡∏ö‡∏≠‡∏£‡πå‡∏£‡∏µ‡∏°‡∏¥‡πâ‡∏ô‡∏ó‡πå
‚Ä¢ ‡∏õ‡∏£‡∏∞‡πÄ‡∏†‡∏ó: ‡∏Å‡πâ‡∏ô‡∏Å‡∏£‡∏≠‡∏á‡∏°‡∏ß‡∏ô‡πÄ‡∏°‡πá‡∏î‡∏ö‡∏µ‡∏ö
‚Ä¢ ‡∏à‡∏∏‡∏î‡πÄ‡∏î‡πà‡∏ô: ‡∏ö‡∏µ‡∏ö‡∏á‡πà‡∏≤‡∏¢ ‡∏´‡∏≠‡∏°‡∏ü‡∏∏‡πâ‡∏á ‡πÄ‡∏û‡∏¥‡πà‡∏°‡∏≠‡∏£‡∏£‡∏ñ‡∏£‡∏™‡πÉ‡∏ô‡∏Å‡∏≤‡∏£‡∏™‡∏π‡∏ö
‚Ä¢ ‡∏Ç‡∏ô‡∏≤‡∏î: ‡∏Å‡πâ‡∏ô‡∏Å‡∏£‡∏≠‡∏á‡∏¢‡∏≤‡∏ß 20 ‡∏°‡∏¥‡∏•
‚Ä¢ ‡∏à‡∏≥‡∏ô‡∏ß‡∏ô: 100 ‡∏°‡∏ß‡∏ô / ‡∏Å‡∏•‡πà‡∏≠‡∏á

---
#‡∏Å‡πâ‡∏ô‡∏Å‡∏£‡∏≠‡∏á #‡∏Å‡πâ‡∏ô‡∏Å‡∏£‡∏≠‡∏á‡∏´‡∏≠‡∏° #‡∏Å‡πâ‡∏ô‡∏Å‡∏£‡∏≠‡∏á‡πÄ‡∏°‡πá‡∏î‡∏ö‡∏µ‡∏ö #FreshBomb #‡πÄ‡∏ö‡∏≠‡∏£‡πå‡∏£‡∏µ‡∏°‡∏¥‡πâ‡∏ô‡∏ó‡πå #‡∏ü‡∏¥‡∏•‡πÄ‡∏ï‡∏≠‡∏£‡πå",80,110,‡∏Å‡πâ‡∏ô‡∏Å‡∏£‡∏≠‡∏á‡∏´‡∏≠‡∏°VIP-‡∏Å‡∏•‡∏¥‡πà‡∏ô‡∏ú‡∏•‡πÑ‡∏°‡πâ,https://v-ud.com/wp-content/uploads/2024/11/C1.jpeg,https://udst2021.com/wp-content/uploads/2025/03/B6-CC.jpeg,https://udst2021.com/wp-content/uploads/2025/03/B6-CC.jpeg
‡∏Å‡πâ‡∏ô‡∏Å‡∏£‡∏≠‡∏á‡∏°‡∏ß‡∏ô‡πÄ‡∏°‡πá‡∏î‡∏ö‡∏µ‡∏ö,C2,‡∏Å‡πâ‡∏ô‡∏Å‡∏£‡∏≠‡∏á‡∏°‡∏ß‡∏ô‡πÄ‡∏°‡πá‡∏î‡∏ö‡∏µ‡∏ö FREsH BoMB-‡∏Å‡∏•‡∏¥‡πà‡∏ô ‡∏™‡∏ï‡∏£‡∏≠‡∏ß‡πå‡πÄ‡∏ö‡∏≠‡∏£‡πå‡∏£‡∏µ ¬†1 ‡∏Å‡∏•‡πà‡∏≠‡∏á 100 ‡∏°‡∏ß‡∏ô,‡∏Å‡πâ‡∏ô‡∏Å‡∏£‡∏≠‡∏á‡∏°‡∏ß‡∏ô‡πÄ‡∏°‡πá‡∏î‡∏ö‡∏µ‡∏ö FREsH BoMB-‡∏Å‡∏•‡∏¥‡πà‡∏ô ‡∏™‡∏ï‡∏£‡∏≠‡∏ß‡πå‡πÄ‡∏ö‡∏≠‡∏£‡πå‡∏£‡∏µ ¬†1 ‡∏Å‡∏•‡πà‡∏≠‡∏á 100 ‡∏°‡∏ß‡∏ô,‡∏Å‡πâ‡∏ô‡∏Å‡∏£‡∏≠‡∏á‡πÄ‡∏°‡πá‡∏î‡∏ö‡∏µ‡∏ö FREsH BoMB ‡∏Å‡∏•‡∏¥‡πà‡∏ô‡∏™‡∏ï‡∏£‡∏≠‡∏ß‡πå‡πÄ‡∏ö‡∏≠‡∏£‡πå‡∏£‡∏µ 100 ‡∏°‡∏ß‡∏ô/‡∏Å‡∏•‡πà‡∏≠‡∏á ‡∏´‡∏≠‡∏°‡∏´‡∏ß‡∏≤‡∏ô‡∏Å‡∏•‡∏¥‡πà‡∏ô‡∏™‡∏ï‡∏£‡∏≠‡∏ß‡πå‡πÄ‡∏ö‡∏≠‡∏£‡πå‡∏£‡∏µ‡∏ä‡∏±‡∏î‡πÄ‡∏à‡∏ô ‡∏ö‡∏µ‡∏ö‡πÅ‡∏•‡πâ‡∏ß‡∏´‡∏≠‡∏°‡πÄ‡∏•‡∏¢,"üçì ‡∏û‡∏£‡πâ‡∏≠‡∏°‡∏™‡πà‡∏á! ‡∏Å‡πâ‡∏ô‡∏Å‡∏£‡∏≠‡∏á‡πÄ‡∏°‡πá‡∏î‡∏ö‡∏µ‡∏ö FREsH BoMB ‡∏Å‡∏•‡∏¥‡πà‡∏ô‡∏™‡∏ï‡∏£‡∏≠‡∏ß‡πå‡πÄ‡∏ö‡∏≠‡∏£‡πå‡∏£‡∏µ (100 ‡∏°‡∏ß‡∏ô) üçì

‡πÄ‡∏û‡∏¥‡πà‡∏°‡∏Ñ‡∏ß‡∏≤‡∏°‡∏´‡∏≠‡∏°‡∏´‡∏ß‡∏≤‡∏ô‡πÉ‡∏´‡πâ‡∏ó‡∏∏‡∏Å‡∏Å‡∏≤‡∏£‡∏°‡∏ß‡∏ô‡∏Ç‡∏≠‡∏á‡∏Ñ‡∏∏‡∏ì‡∏î‡πâ‡∏ß‡∏¢‡∏Å‡πâ‡∏ô‡∏Å‡∏£‡∏≠‡∏á‡πÄ‡∏°‡πá‡∏î‡∏ö‡∏µ‡∏ö FREsH BoMB ‡∏Å‡∏•‡∏¥‡πà‡∏ô‡∏™‡∏ï‡∏£‡∏≠‡∏ß‡πå‡πÄ‡∏ö‡∏≠‡∏£‡πå‡∏£‡∏µ ‡πÅ‡∏Ñ‡πà‡∏ö‡∏µ‡∏ö‡πÅ‡∏Ñ‡∏õ‡∏ã‡∏π‡∏•‡πÄ‡∏ö‡∏≤‡πÜ ‡∏Å‡πá‡∏à‡∏∞‡πÑ‡∏î‡πâ‡∏™‡∏±‡∏°‡∏ú‡∏±‡∏™‡∏Å‡∏±‡∏ö‡∏Å‡∏•‡∏¥‡πà‡∏ô‡∏´‡∏≠‡∏°‡∏´‡∏ß‡∏≤‡∏ô‡∏Ç‡∏≠‡∏á‡∏™‡∏ï‡∏£‡∏≠‡∏ß‡πå‡πÄ‡∏ö‡∏≠‡∏£‡πå‡∏£‡∏µ‡∏ó‡∏µ‡πà‡∏ä‡∏±‡∏î‡πÄ‡∏à‡∏ô‡πÅ‡∏•‡∏∞‡∏™‡∏î‡∏ä‡∏∑‡πà‡∏ô

‚ú® ‡∏Ñ‡∏∏‡∏ì‡∏™‡∏°‡∏ö‡∏±‡∏ï‡∏¥‡πÄ‡∏î‡πà‡∏ô:
‚Ä¢ ‡πÅ‡∏ö‡∏£‡∏ô‡∏î‡πå: FREsH BoMB
‚Ä¢ ‡∏Å‡∏•‡∏¥‡πà‡∏ô: ‡∏™‡∏ï‡∏£‡∏≠‡∏ß‡πå‡πÄ‡∏ö‡∏≠‡∏£‡πå‡∏£‡∏µ
‚Ä¢ ‡∏õ‡∏£‡∏∞‡πÄ‡∏†‡∏ó: ‡∏Å‡πâ‡∏ô‡∏Å‡∏£‡∏≠‡∏á‡∏°‡∏ß‡∏ô‡πÄ‡∏°‡πá‡∏î‡∏ö‡∏µ‡∏ö
‚Ä¢ ‡∏à‡∏∏‡∏î‡πÄ‡∏î‡πà‡∏ô: ‡∏Å‡∏•‡∏¥‡πà‡∏ô‡∏™‡∏ï‡∏£‡∏≠‡∏ß‡πå‡πÄ‡∏ö‡∏≠‡∏£‡πå‡∏£‡∏µ‡∏´‡∏≠‡∏°‡∏´‡∏ß‡∏≤‡∏ô ‡∏ä‡∏±‡∏î‡πÄ‡∏à‡∏ô
‚Ä¢ ‡∏Ç‡∏ô‡∏≤‡∏î: ‡∏Å‡πâ‡∏ô‡∏Å‡∏£‡∏≠‡∏á‡∏¢‡∏≤‡∏ß 20 ‡∏°‡∏¥‡∏•
‚Ä¢ ‡∏à‡∏≥‡∏ô‡∏ß‡∏ô: 100 ‡∏°‡∏ß‡∏ô / ‡∏Å‡∏•‡πà‡∏≠‡∏á

---
#‡∏Å‡πâ‡∏ô‡∏Å‡∏£‡∏≠‡∏á #‡∏Å‡πâ‡∏ô‡∏Å‡∏£‡∏≠‡∏á‡∏´‡∏≠‡∏° #‡∏Å‡πâ‡∏ô‡∏Å‡∏£‡∏≠‡∏á‡πÄ‡∏°‡πá‡∏î‡∏ö‡∏µ‡∏ö #FreshBomb #‡∏™‡∏ï‡∏£‡∏≠‡∏ß‡πå‡πÄ‡∏ö‡∏≠‡∏£‡πå‡∏£‡∏µ",80,110,‡∏Å‡πâ‡∏ô‡∏Å‡∏£‡∏≠‡∏á‡∏´‡∏≠‡∏°VIP-‡∏Å‡∏•‡∏¥‡πà‡∏ô‡∏ú‡∏•‡πÑ‡∏°‡πâ,https://v-ud.com/wp-content/uploads/2024/11/C2.jpeg,https://udst2021.com/wp-content/uploads/2025/03/B6-CC.jpeg,https://udst2021.com/wp-content/uploads/2025/03/B6-CC.jpeg
‡∏Å‡πâ‡∏ô‡∏Å‡∏£‡∏≠‡∏á‡∏°‡∏ß‡∏ô‡πÄ‡∏°‡πá‡∏î‡∏ö‡∏µ‡∏ö,C3,‡∏Å‡πâ‡∏ô‡∏Å‡∏£‡∏≠‡∏á‡∏°‡∏ß‡∏ô‡πÄ‡∏°‡πá‡∏î‡∏ö‡∏µ‡∏ö FREsH BoMB-‡∏Å‡∏•‡∏¥‡πà‡∏ô ‡πÄ‡∏°‡∏ô‡∏ó‡∏≠‡∏• 100 ‡∏°‡∏ß‡∏ô,‡∏Å‡πâ‡∏ô‡∏Å‡∏£‡∏≠‡∏á‡∏°‡∏ß‡∏ô‡πÄ‡∏°‡πá‡∏î‡∏ö‡∏µ‡∏ö FREsH BoMB-‡∏Å‡∏•‡∏¥‡πà‡∏ô ‡πÄ‡∏°‡∏ô‡∏ó‡∏≠‡∏• 1 ‡∏Å‡∏•‡πà‡∏≠‡∏á 100 ‡∏°‡∏ß‡∏ô,‡∏Å‡πâ‡∏ô‡∏Å‡∏£‡∏≠‡∏á‡πÄ‡∏°‡πá‡∏î‡∏ö‡∏µ‡∏ö FREsH BoMB ‡∏Å‡∏•‡∏¥‡πà‡∏ô‡πÄ‡∏°‡∏ô‡∏ó‡∏≠‡∏• 100 ‡∏°‡∏ß‡∏ô/‡∏Å‡∏•‡πà‡∏≠‡∏á ‡∏Ñ‡∏ß‡∏≤‡∏°‡πÄ‡∏¢‡πá‡∏ô‡∏™‡∏∏‡∏î‡∏Ñ‡∏•‡∏≤‡∏™‡∏™‡∏¥‡∏Å ‡∏ö‡∏µ‡∏ö‡πÄ‡∏û‡∏¥‡πà‡∏°‡∏Ñ‡∏ß‡∏≤‡∏°‡∏™‡∏î‡∏ä‡∏∑‡πà‡∏ô,"‚ùÑÔ∏è ‡∏û‡∏£‡πâ‡∏≠‡∏°‡∏™‡πà‡∏á! ‡∏Å‡πâ‡∏ô‡∏Å‡∏£‡∏≠‡∏á‡πÄ‡∏°‡πá‡∏î‡∏ö‡∏µ‡∏ö FREsH BoMB ‡∏Å‡∏•‡∏¥‡πà‡∏ô‡πÄ‡∏°‡∏ô‡∏ó‡∏≠‡∏• (100 ‡∏°‡∏ß‡∏ô) ‚ùÑÔ∏è

‡∏™‡∏±‡∏°‡∏ú‡∏±‡∏™‡∏Ñ‡∏ß‡∏≤‡∏°‡πÄ‡∏¢‡πá‡∏ô‡∏™‡∏∏‡∏î‡∏Ñ‡∏•‡∏≤‡∏™‡∏™‡∏¥‡∏Å‡∏Å‡∏±‡∏ö‡∏Å‡πâ‡∏ô‡∏Å‡∏£‡∏≠‡∏á‡πÄ‡∏°‡πá‡∏î‡∏ö‡∏µ‡∏ö FREsH BoMB ‡∏Å‡∏•‡∏¥‡πà‡∏ô‡πÄ‡∏°‡∏ô‡∏ó‡∏≠‡∏• ‡∏ö‡∏µ‡∏ö‡πÄ‡∏°‡πá‡∏î‡πÅ‡∏Ñ‡∏õ‡∏ã‡∏π‡∏•‡πÄ‡∏û‡∏∑‡πà‡∏≠‡∏õ‡∏•‡∏î‡∏õ‡∏•‡πà‡∏≠‡∏¢‡∏Ñ‡∏ß‡∏≤‡∏°‡πÄ‡∏¢‡πá‡∏ô‡∏™‡∏î‡∏ä‡∏∑‡πà‡∏ô ‡πÄ‡∏´‡∏°‡∏≤‡∏∞‡∏™‡∏≥‡∏´‡∏£‡∏±‡∏ö‡∏ú‡∏π‡πâ‡∏ó‡∏µ‡πà‡∏ä‡∏∑‡πà‡∏ô‡∏ä‡∏≠‡∏ö‡∏Ñ‡∏ß‡∏≤‡∏°‡πÄ‡∏¢‡πá‡∏ô‡πÅ‡∏ö‡∏ö‡∏î‡∏±‡πâ‡∏á‡πÄ‡∏î‡∏¥‡∏°

‚ú® ‡∏Ñ‡∏∏‡∏ì‡∏™‡∏°‡∏ö‡∏±‡∏ï‡∏¥‡πÄ‡∏î‡πà‡∏ô:
‚Ä¢ ‡πÅ‡∏ö‡∏£‡∏ô‡∏î‡πå: FREsH BoMB
‚Ä¢ ‡∏Å‡∏•‡∏¥‡πà‡∏ô: ‡πÄ‡∏°‡∏ô‡∏ó‡∏≠‡∏•
‚Ä¢ ‡∏õ‡∏£‡∏∞‡πÄ‡∏†‡∏ó: ‡∏Å‡πâ‡∏ô‡∏Å‡∏£‡∏≠‡∏á‡∏°‡∏ß‡∏ô‡πÄ‡∏°‡πá‡∏î‡∏ö‡∏µ‡∏ö
‚Ä¢ ‡∏à‡∏∏‡∏î‡πÄ‡∏î‡πà‡∏ô: ‡πÉ‡∏´‡πâ‡∏Ñ‡∏ß‡∏≤‡∏°‡πÄ‡∏¢‡πá‡∏ô‡∏™‡∏î‡∏ä‡∏∑‡πà‡∏ô‡πÅ‡∏ö‡∏ö‡∏Ñ‡∏•‡∏≤‡∏™‡∏™‡∏¥‡∏Å
‚Ä¢ ‡∏Ç‡∏ô‡∏≤‡∏î: ‡∏Å‡πâ‡∏ô‡∏Å‡∏£‡∏≠‡∏á‡∏¢‡∏≤‡∏ß 20 ‡∏°‡∏¥‡∏•
‚Ä¢ ‡∏à‡∏≥‡∏ô‡∏ß‡∏ô: 100 ‡∏°‡∏ß‡∏ô / ‡∏Å‡∏•‡πà‡∏≠‡∏á

---
#‡∏Å‡πâ‡∏ô‡∏Å‡∏£‡∏≠‡∏á #‡∏Å‡πâ‡∏ô‡∏Å‡∏£‡∏≠‡∏á‡∏´‡∏≠‡∏° #‡∏Å‡πâ‡∏ô‡∏Å‡∏£‡∏≠‡∏á‡πÄ‡∏°‡πá‡∏î‡∏ö‡∏µ‡∏ö #FreshBomb #‡πÄ‡∏°‡∏ô‡∏ó‡∏≠‡∏•",80,110,‡∏Å‡πâ‡∏ô‡∏Å‡∏£‡∏≠‡∏á‡∏´‡∏≠‡∏°VIP-‡∏Å‡∏•‡∏¥‡πà‡∏ô‡∏ú‡∏•‡πÑ‡∏°‡πâ,https://v-ud.com/wp-content/uploads/2024/11/C3.jpeg,https://udst2021.com/wp-content/uploads/2025/03/B6-CC.jpeg,https://udst2021.com/wp-content/uploads/2025/03/B6-CC.jpeg
‡∏Å‡πâ‡∏ô‡∏Å‡∏£‡∏≠‡∏á‡∏°‡∏ß‡∏ô‡πÄ‡∏°‡πá‡∏î‡∏ö‡∏µ‡∏ö,C4,‡∏Å‡πâ‡∏ô‡∏Å‡∏£‡∏≠‡∏á‡∏°‡∏ß‡∏ô‡πÄ‡∏°‡πá‡∏î‡∏ö‡∏µ‡∏ö FREsH BoMB-‡∏Å‡∏•‡∏¥‡πà‡∏ô ‡∏™‡∏ï‡∏£‡∏≠‡∏á‡∏°‡∏¥‡πâ‡∏ô‡∏ó‡πå 100 ‡∏°‡∏ß‡∏ô,‡∏Å‡πâ‡∏ô‡∏Å‡∏£‡∏≠‡∏á‡∏°‡∏ß‡∏ô‡πÄ‡∏°‡πá‡∏î‡∏ö‡∏µ‡∏ö FREsH BoMB-‡∏Å‡∏•‡∏¥‡πà‡∏ô ‡∏™‡∏ï‡∏£‡∏≠‡∏á‡∏°‡∏¥‡πâ‡∏ô‡∏ó‡πå 1 ‡∏Å‡∏•‡πà‡∏≠‡∏á 100 ‡∏°‡∏ß‡∏ô,‡∏Å‡πâ‡∏ô‡∏Å‡∏£‡∏≠‡∏á‡πÄ‡∏°‡πá‡∏î‡∏ö‡∏µ‡∏ö FREsH BoMB ‡∏Å‡∏•‡∏¥‡πà‡∏ô‡∏™‡∏ï‡∏£‡∏≠‡∏á‡∏°‡∏¥‡πâ‡∏ô‡∏ó‡πå 100 ‡∏°‡∏ß‡∏ô/‡∏Å‡∏•‡πà‡∏≠‡∏á ‡πÄ‡∏¢‡πá‡∏ô‡∏™‡∏∏‡∏î‡∏Ç‡∏±‡πâ‡∏ß‡∏ñ‡∏∂‡∏á‡πÉ‡∏à ‡∏ö‡∏µ‡∏ö‡πÅ‡∏•‡πâ‡∏ß‡πÄ‡∏¢‡πá‡∏ô‡∏ã‡πà‡∏≤,"üßä ‡∏û‡∏£‡πâ‡∏≠‡∏°‡∏™‡πà‡∏á! ‡∏Å‡πâ‡∏ô‡∏Å‡∏£‡∏≠‡∏á‡πÄ‡∏°‡πá‡∏î‡∏ö‡∏µ‡∏ö FREsH BoMB ‡∏Å‡∏•‡∏¥‡πà‡∏ô‡∏™‡∏ï‡∏£‡∏≠‡∏á‡∏°‡∏¥‡πâ‡∏ô‡∏ó‡πå (100 ‡∏°‡∏ß‡∏ô) üßä

‡∏™‡∏≥‡∏´‡∏£‡∏±‡∏ö‡∏™‡∏≤‡∏¢‡πÄ‡∏¢‡πá‡∏ô‡∏ï‡∏±‡∏ß‡∏à‡∏£‡∏¥‡∏á! ‡∏Å‡πâ‡∏ô‡∏Å‡∏£‡∏≠‡∏á‡πÄ‡∏°‡πá‡∏î‡∏ö‡∏µ‡∏ö FREsH BoMB ‡∏Å‡∏•‡∏¥‡πà‡∏ô‡∏™‡∏ï‡∏£‡∏≠‡∏á‡∏°‡∏¥‡πâ‡∏ô‡∏ó‡πå ‡∏ö‡∏µ‡∏ö‡πÅ‡∏•‡πâ‡∏ß‡∏£‡∏±‡∏ö‡∏Ñ‡∏ß‡∏≤‡∏°‡πÄ‡∏¢‡πá‡∏ô‡∏™‡∏∏‡∏î‡∏Ç‡∏±‡πâ‡∏ß ‡∏ã‡πà‡∏≤‡∏ñ‡∏∂‡∏á‡πÉ‡∏à ‡πÉ‡∏´‡πâ‡∏Ñ‡∏ß‡∏≤‡∏°‡∏£‡∏π‡πâ‡∏™‡∏∂‡∏Å‡∏™‡∏î‡∏ä‡∏∑‡πà‡∏ô‡πÉ‡∏ô‡∏ó‡∏∏‡∏Å‡∏Ñ‡∏£‡∏±‡πâ‡∏á‡∏ó‡∏µ‡πà‡πÉ‡∏ä‡πâ

‚ú® ‡∏Ñ‡∏∏‡∏ì‡∏™‡∏°‡∏ö‡∏±‡∏ï‡∏¥‡πÄ‡∏î‡πà‡∏ô:
‚Ä¢ ‡πÅ‡∏ö‡∏£‡∏ô‡∏î‡πå: FREsH BoMB
‚Ä¢ ‡∏Å‡∏•‡∏¥‡πà‡∏ô: ‡∏™‡∏ï‡∏£‡∏≠‡∏á‡∏°‡∏¥‡πâ‡∏ô‡∏ó‡πå
‚Ä¢ ‡∏õ‡∏£‡∏∞‡πÄ‡∏†‡∏ó: ‡∏Å‡πâ‡∏ô‡∏Å‡∏£‡∏≠‡∏á‡∏°‡∏ß‡∏ô‡πÄ‡∏°‡πá‡∏î‡∏ö‡∏µ‡∏ö
‚Ä¢ ‡∏à‡∏∏‡∏î‡πÄ‡∏î‡πà‡∏ô: ‡∏Ñ‡∏ß‡∏≤‡∏°‡πÄ‡∏¢‡πá‡∏ô‡∏™‡∏∏‡∏î‡∏Ç‡∏±‡πâ‡∏ß ‡∏™‡∏î‡∏ä‡∏∑‡πà‡∏ô‡∏ñ‡∏∂‡∏á‡πÉ‡∏à
‚Ä¢ ‡∏Ç‡∏ô‡∏≤‡∏î: ‡∏Å‡πâ‡∏ô‡∏Å‡∏£‡∏≠‡∏á‡∏¢‡∏≤‡∏ß 20 ‡∏°‡∏¥‡∏•
‚Ä¢ ‡∏à‡∏≥‡∏ô‡∏ß‡∏ô: 100 ‡∏°‡∏ß‡∏ô / ‡∏Å‡∏•‡πà‡∏≠‡∏á

---
#‡∏Å‡πâ‡∏ô‡∏Å‡∏£‡∏≠‡∏á #‡∏Å‡πâ‡∏ô‡∏Å‡∏£‡∏≠‡∏á‡∏´‡∏≠‡∏° #‡∏Å‡πâ‡∏ô‡∏Å‡∏£‡∏≠‡∏á‡πÄ‡∏°‡πá‡∏î‡∏ö‡∏µ‡∏ö #FreshBomb #‡∏™‡∏ï‡∏£‡∏≠‡∏á‡∏°‡∏¥‡πâ‡∏ô‡∏ó‡πå",80,110,‡∏Å‡πâ‡∏ô‡∏Å‡∏£‡∏≠‡∏á‡∏´‡∏≠‡∏°VIP-‡∏Å‡∏•‡∏¥‡πà‡∏ô‡∏ú‡∏•‡πÑ‡∏°‡πâ,https://v-ud.com/wp-content/uploads/2024/11/C4.jpeg,https://udst2021.com/wp-content/uploads/2025/03/B6-CC.jpeg,https://udst2021.com/wp-content/uploads/2025/03/B6-CC.jpeg
‡∏Å‡πâ‡∏ô‡∏Å‡∏£‡∏≠‡∏á‡∏°‡∏ß‡∏ô‡πÄ‡∏°‡πá‡∏î‡∏ö‡∏µ‡∏ö,C5,‡∏Å‡πâ‡∏ô‡∏Å‡∏£‡∏≠‡∏á‡∏°‡∏ß‡∏ô‡πÄ‡∏°‡πá‡∏î‡∏ö‡∏µ‡∏ö Permium SEDCUE-‡∏Å‡∏•‡∏¥‡πà‡∏ô ‡∏™‡∏ï‡∏£‡∏≠‡∏ß‡πå‡πÄ‡∏ö‡∏≠‡∏£‡πå‡∏£‡∏µ 100 ‡∏°‡∏ß‡∏ô,‡∏Å‡πâ‡∏ô‡∏Å‡∏£‡∏≠‡∏á‡∏°‡∏ß‡∏ô‡πÄ‡∏°‡πá‡∏î‡∏ö‡∏µ‡∏ö Permium SEDCUE-‡∏Å‡∏•‡∏¥‡πà‡∏ô ‡∏™‡∏ï‡∏£‡∏≠‡∏ß‡πå‡πÄ‡∏ö‡∏≠‡∏£‡πå‡∏£‡∏µ 1 ‡∏Å‡∏•‡πà‡∏≠‡∏á 100 ‡∏°‡∏ß‡∏ô,‡∏Å‡πâ‡∏ô‡∏Å‡∏£‡∏≠‡∏á‡πÄ‡∏°‡πá‡∏î‡∏ö‡∏µ‡∏ö Permium SEDCUE ‡∏Å‡∏•‡∏¥‡πà‡∏ô‡∏™‡∏ï‡∏£‡∏≠‡∏ß‡πå‡πÄ‡∏ö‡∏≠‡∏£‡πå‡∏£‡∏µ 100 ‡∏°‡∏ß‡∏ô/‡∏Å‡∏•‡πà‡∏≠‡∏á ‡πÄ‡∏Å‡∏£‡∏î‡∏û‡∏£‡∏µ‡πÄ‡∏°‡∏µ‡∏¢‡∏° ‡∏´‡∏≠‡∏°‡∏´‡∏ß‡∏≤‡∏ô‡∏°‡∏µ‡∏£‡∏∞‡∏î‡∏±‡∏ö,"üçì ‡∏û‡∏£‡πâ‡∏≠‡∏°‡∏™‡πà‡∏á! ‡∏Å‡πâ‡∏ô‡∏Å‡∏£‡∏≠‡∏á‡πÄ‡∏°‡πá‡∏î‡∏ö‡∏µ‡∏ö Permium SEDCUE ‡∏Å‡∏•‡∏¥‡πà‡∏ô‡∏™‡∏ï‡∏£‡∏≠‡∏ß‡πå‡πÄ‡∏ö‡∏≠‡∏£‡πå‡∏£‡∏µ (100 ‡∏°‡∏ß‡∏ô) üçì

‡∏¢‡∏Å‡∏£‡∏∞‡∏î‡∏±‡∏ö‡∏Ñ‡∏ß‡∏≤‡∏°‡∏´‡∏≠‡∏°‡∏Å‡∏±‡∏ö‡∏Å‡πâ‡∏ô‡∏Å‡∏£‡∏≠‡∏á‡πÄ‡∏°‡πá‡∏î‡∏ö‡∏µ‡∏ö‡πÄ‡∏Å‡∏£‡∏î‡∏û‡∏£‡∏µ‡πÄ‡∏°‡∏µ‡∏¢‡∏°‡∏à‡∏≤‡∏Å Permium SEDCUE ‡∏Å‡∏•‡∏¥‡πà‡∏ô‡∏™‡∏ï‡∏£‡∏≠‡∏ß‡πå‡πÄ‡∏ö‡∏≠‡∏£‡πå‡∏£‡∏µ ‡πÉ‡∏´‡πâ‡∏Ñ‡∏ß‡∏≤‡∏°‡∏´‡∏≠‡∏°‡∏´‡∏ß‡∏≤‡∏ô‡∏≠‡∏¢‡πà‡∏≤‡∏á‡∏°‡∏µ‡∏£‡∏∞‡∏î‡∏±‡∏ö ‡πÑ‡∏°‡πà‡πÄ‡∏´‡∏°‡∏∑‡∏≠‡∏ô‡πÉ‡∏Ñ‡∏£

‚ú® ‡∏Ñ‡∏∏‡∏ì‡∏™‡∏°‡∏ö‡∏±‡∏ï‡∏¥‡πÄ‡∏î‡πà‡∏ô:
‚Ä¢ ‡πÅ‡∏ö‡∏£‡∏ô‡∏î‡πå: Permium SEDCUE
‚Ä¢ ‡∏Å‡∏•‡∏¥‡πà‡∏ô: ‡∏™‡∏ï‡∏£‡∏≠‡∏ß‡πå‡πÄ‡∏ö‡∏≠‡∏£‡πå‡∏£‡∏µ
‚Ä¢ ‡∏õ‡∏£‡∏∞‡πÄ‡∏†‡∏ó: ‡∏Å‡πâ‡∏ô‡∏Å‡∏£‡∏≠‡∏á‡∏°‡∏ß‡∏ô‡πÄ‡∏°‡πá‡∏î‡∏ö‡∏µ‡∏ö
‚Ä¢ ‡∏à‡∏∏‡∏î‡πÄ‡∏î‡πà‡∏ô: ‡∏Å‡∏•‡∏¥‡πà‡∏ô‡∏´‡∏≠‡∏°‡πÄ‡∏Å‡∏£‡∏î‡∏û‡∏£‡∏µ‡πÄ‡∏°‡∏µ‡∏¢‡∏°
‚Ä¢ ‡∏Ç‡∏ô‡∏≤‡∏î: ‡∏Å‡πâ‡∏ô‡∏Å‡∏£‡∏≠‡∏á‡∏¢‡∏≤‡∏ß 20 ‡∏°‡∏¥‡∏•
‚Ä¢ ‡∏à‡∏≥‡∏ô‡∏ß‡∏ô: 100 ‡∏°‡∏ß‡∏ô / ‡∏Å‡∏•‡πà‡∏≠‡∏á

---
#‡∏Å‡πâ‡∏ô‡∏Å‡∏£‡∏≠‡∏á #‡∏Å‡πâ‡∏ô‡∏Å‡∏£‡∏≠‡∏á‡∏û‡∏£‡∏µ‡πÄ‡∏°‡∏µ‡∏¢‡∏° #‡∏Å‡πâ‡∏ô‡∏Å‡∏£‡∏≠‡∏á‡πÄ‡∏°‡πá‡∏î‡∏ö‡∏µ‡∏ö #SEDCUE #‡∏™‡∏ï‡∏£‡∏≠‡∏ß‡πå‡πÄ‡∏ö‡∏≠‡∏£‡πå‡∏£‡∏µ",80,110,‡∏Å‡πâ‡∏ô‡∏Å‡∏£‡∏≠‡∏á‡∏´‡∏≠‡∏°VIP-‡∏Å‡∏•‡∏¥‡πà‡∏ô‡∏ú‡∏•‡πÑ‡∏°‡πâ,https://v-ud.com/wp-content/uploads/2024/11/C5.jpeg,https://udst2021.com/wp-content/uploads/2025/03/B6_C51.jpeg,https://udst2021.com/wp-content/uploads/2025/03/B6-C56.jpeg
‡∏Å‡πâ‡∏ô‡∏Å‡∏£‡∏≠‡∏á‡∏°‡∏ß‡∏ô‡πÄ‡∏°‡πá‡∏î‡∏ö‡∏µ‡∏ö,C6,‡∏Å‡πâ‡∏ô‡∏Å‡∏£‡∏≠‡∏á‡∏°‡∏ß‡∏ô‡πÄ‡∏°‡πá‡∏î‡∏ö‡∏µ‡∏ö Permium SEDCUE-‡∏Å‡∏•‡∏¥‡πà‡∏ô ‡∏ö‡∏•‡∏π‡πÄ‡∏ö‡∏≠‡∏£‡πå‡∏£‡∏µ 100 ‡∏°‡∏ß‡∏ô,‡∏Å‡πâ‡∏ô‡∏Å‡∏£‡∏≠‡∏á‡∏°‡∏ß‡∏ô‡πÄ‡∏°‡πá‡∏î‡∏ö‡∏µ‡∏ö Permium SEDCUE-‡∏Å‡∏•‡∏¥‡πà‡∏ô ‡∏ö‡∏•‡∏π‡πÄ‡∏ö‡∏≠‡∏£‡πå‡∏£‡∏µ 1 ‡∏Å‡∏•‡πà‡∏≠‡∏á 100 ‡∏°‡∏ß‡∏ô,‡∏Å‡πâ‡∏ô‡∏Å‡∏£‡∏≠‡∏á‡πÄ‡∏°‡πá‡∏î‡∏ö‡∏µ‡∏ö Permium SEDCUE ‡∏Å‡∏•‡∏¥‡πà‡∏ô‡∏ö‡∏•‡∏π‡πÄ‡∏ö‡∏≠‡∏£‡πå‡∏£‡∏µ 100 ‡∏°‡∏ß‡∏ô/‡∏Å‡∏•‡πà‡∏≠‡∏á ‡πÄ‡∏Å‡∏£‡∏î‡∏û‡∏£‡∏µ‡πÄ‡∏°‡∏µ‡∏¢‡∏° ‡∏´‡∏≠‡∏°‡∏•‡∏∞‡∏°‡∏∏‡∏ô‡πÑ‡∏°‡πà‡πÄ‡∏´‡∏°‡∏∑‡∏≠‡∏ô‡πÉ‡∏Ñ‡∏£,"ü´ê ‡∏û‡∏£‡πâ‡∏≠‡∏°‡∏™‡πà‡∏á! ‡∏Å‡πâ‡∏ô‡∏Å‡∏£‡∏≠‡∏á‡πÄ‡∏°‡πá‡∏î‡∏ö‡∏µ‡∏ö Permium SEDCUE ‡∏Å‡∏•‡∏¥‡πà‡∏ô‡∏ö‡∏•‡∏π‡πÄ‡∏ö‡∏≠‡∏£‡πå‡∏£‡∏µ (100 ‡∏°‡∏ß‡∏ô) ü´ê

‡∏™‡∏±‡∏°‡∏ú‡∏±‡∏™‡∏Ñ‡∏ß‡∏≤‡∏°‡∏´‡∏≠‡∏°‡∏•‡∏∞‡∏°‡∏∏‡∏ô‡∏™‡∏∏‡∏î‡∏û‡∏£‡∏µ‡πÄ‡∏°‡∏µ‡∏¢‡∏°‡∏Å‡∏±‡∏ö‡∏Å‡πâ‡∏ô‡∏Å‡∏£‡∏≠‡∏á‡πÄ‡∏°‡πá‡∏î‡∏ö‡∏µ‡∏ö Permium SEDCUE ‡∏Å‡∏•‡∏¥‡πà‡∏ô‡∏ö‡∏•‡∏π‡πÄ‡∏ö‡∏≠‡∏£‡πå‡∏£‡∏µ ‡∏ö‡∏µ‡∏ö‡πÄ‡∏û‡∏∑‡πà‡∏≠‡∏õ‡∏•‡∏î‡∏õ‡∏•‡πà‡∏≠‡∏¢‡∏Å‡∏•‡∏¥‡πà‡∏ô‡∏´‡∏≠‡∏°‡∏ó‡∏µ‡πà‡πÄ‡∏õ‡πá‡∏ô‡πÄ‡∏≠‡∏Å‡∏•‡∏±‡∏Å‡∏©‡∏ì‡πå‡πÅ‡∏•‡∏∞‡∏ô‡πà‡∏≤‡∏´‡∏•‡∏á‡πÉ‡∏´‡∏•

‚ú® ‡∏Ñ‡∏∏‡∏ì‡∏™‡∏°‡∏ö‡∏±‡∏ï‡∏¥‡πÄ‡∏î‡πà‡∏ô:
‚Ä¢ ‡πÅ‡∏ö‡∏£‡∏ô‡∏î‡πå: Permium SEDCUE
‚Ä¢ ‡∏Å‡∏•‡∏¥‡πà‡∏ô: ‡∏ö‡∏•‡∏π‡πÄ‡∏ö‡∏≠‡∏£‡πå‡∏£‡∏µ
‚Ä¢ ‡∏õ‡∏£‡∏∞‡πÄ‡∏†‡∏ó: ‡∏Å‡πâ‡∏ô‡∏Å‡∏£‡∏≠‡∏á‡∏°‡∏ß‡∏ô‡πÄ‡∏°‡πá‡∏î‡∏ö‡∏µ‡∏ö
‚Ä¢ ‡∏à‡∏∏‡∏î‡πÄ‡∏î‡πà‡∏ô: ‡∏Å‡∏•‡∏¥‡πà‡∏ô‡∏ö‡∏•‡∏π‡πÄ‡∏ö‡∏≠‡∏£‡πå‡∏£‡∏µ‡∏´‡∏≠‡∏°‡∏•‡∏∞‡∏°‡∏∏‡∏ô‡πÄ‡∏Å‡∏£‡∏î‡∏û‡∏£‡∏µ‡πÄ‡∏°‡∏µ‡∏¢‡∏°
‚Ä¢ ‡∏Ç‡∏ô‡∏≤‡∏î: ‡∏Å‡πâ‡∏ô‡∏Å‡∏£‡∏≠‡∏á‡∏¢‡∏≤‡∏ß 20 ‡∏°‡∏¥‡∏•
‚Ä¢ ‡∏à‡∏≥‡∏ô‡∏ß‡∏ô: 100 ‡∏°‡∏ß‡∏ô / ‡∏Å‡∏•‡πà‡∏≠‡∏á

---
#‡∏Å‡πâ‡∏ô‡∏Å‡∏£‡∏≠‡∏á #‡∏Å‡πâ‡∏ô‡∏Å‡∏£‡∏≠‡∏á‡∏û‡∏£‡∏µ‡πÄ‡∏°‡∏µ‡∏¢‡∏° #‡∏Å‡πâ‡∏ô‡∏Å‡∏£‡∏≠‡∏á‡πÄ‡∏°‡πá‡∏î‡∏ö‡∏µ‡∏ö #SEDCUE #‡∏ö‡∏•‡∏π‡πÄ‡∏ö‡∏≠‡∏£‡πå‡∏£‡∏µ",80,110,‡∏Å‡πâ‡∏ô‡∏Å‡∏£‡∏≠‡∏á‡∏´‡∏≠‡∏°VIP-‡∏Å‡∏•‡∏¥‡πà‡∏ô‡∏ú‡∏•‡πÑ‡∏°‡πâ,https://v-ud.com/wp-content/uploads/2024/11/C6.jpeg,https://udst2021.com/wp-content/uploads/2025/03/B6_C61.jpeg,https://udst2021.com/wp-content/uploads/2025/03/B6-C56.jpeg
‡∏Å‡πâ‡∏ô‡∏Å‡∏£‡∏≠‡∏á‡∏°‡∏ß‡∏ô‡∏£‡πâ‡∏≠‡∏ô,D1,‡∏Å‡πâ‡∏ô‡∏Å‡∏£‡∏≠‡∏á‡∏°‡∏ß‡∏ô‡∏£‡πâ‡∏≠‡∏ô Firebox-‡∏Å‡∏•‡∏¥‡πà‡∏ô ‡πÄ‡∏ö‡∏≠‡∏£‡∏µ‡πà‡∏°‡∏¥‡πâ‡∏ô‡∏ó‡πå 250 ‡∏°‡∏ß‡∏ô,‡∏Å‡πâ‡∏ô‡∏Å‡∏£‡∏≠‡∏á‡∏°‡∏ß‡∏ô‡∏£‡πâ‡∏≠‡∏ô Firebox-‡∏Å‡∏•‡∏¥‡πà‡∏ô ‡πÄ‡∏ö‡∏≠‡∏£‡∏µ‡πà‡∏°‡∏¥‡πâ‡∏ô‡∏ó‡πå 1 ‡∏Å‡∏•‡πà‡∏≠‡∏á 250 ‡∏°‡∏ß‡∏ô,‡∏Å‡πâ‡∏ô‡∏Å‡∏£‡∏≠‡∏á‡∏£‡πâ‡∏≠‡∏ô Firebox ‡∏Å‡∏•‡∏¥‡πà‡∏ô‡πÄ‡∏ö‡∏≠‡∏£‡∏µ‡πà‡∏°‡∏¥‡πâ‡∏ô‡∏ó‡πå 250 ‡∏°‡∏ß‡∏ô/‡∏Å‡∏•‡πà‡∏≠‡∏á ‡∏Å‡πâ‡∏ô‡∏Å‡∏£‡∏≠‡∏á‡∏´‡∏≠‡∏°‡πÉ‡∏ô‡∏ï‡∏±‡∏ß ‡πÑ‡∏°‡πà‡∏ï‡πâ‡∏≠‡∏á‡∏ö‡∏µ‡∏ö ‡πÉ‡∏´‡πâ‡∏Ñ‡∏ß‡∏≤‡∏°‡∏´‡∏≠‡∏°‡πÄ‡∏¢‡πá‡∏ô‡∏™‡∏î‡∏ä‡∏∑‡πà‡∏ô,"‚ùÑÔ∏è ‡∏û‡∏£‡πâ‡∏≠‡∏°‡∏™‡πà‡∏á! ‡∏Å‡πâ‡∏ô‡∏Å‡∏£‡∏≠‡∏á‡∏£‡πâ‡∏≠‡∏ô Firebox ‡∏Å‡∏•‡∏¥‡πà‡∏ô‡πÄ‡∏ö‡∏≠‡∏£‡∏µ‡πà‡∏°‡∏¥‡πâ‡∏ô‡∏ó‡πå (250 ‡∏°‡∏ß‡∏ô) ‚ùÑÔ∏è

‡∏Å‡πâ‡∏ô‡∏Å‡∏£‡∏≠‡∏á‡∏£‡πâ‡∏≠‡∏ô‡∏Ñ‡∏∏‡∏ì‡∏†‡∏≤‡∏û‡∏à‡∏≤‡∏Å Firebox ‡∏ó‡∏µ‡πà‡∏°‡∏≤‡∏û‡∏£‡πâ‡∏≠‡∏°‡∏Å‡∏•‡∏¥‡πà‡∏ô‡∏´‡∏≠‡∏°‡∏Ç‡∏≠‡∏á‡πÄ‡∏ö‡∏≠‡∏£‡∏µ‡πà‡∏°‡∏¥‡πâ‡∏ô‡∏ó‡πå‡πÉ‡∏ô‡∏ï‡∏±‡∏ß ‡πÑ‡∏°‡πà‡∏ï‡πâ‡∏≠‡∏á‡∏ö‡∏µ‡∏ö‡∏Å‡πá‡∏´‡∏≠‡∏° ‡πÉ‡∏´‡πâ‡∏£‡∏™‡∏™‡∏±‡∏°‡∏ú‡∏±‡∏™‡∏ó‡∏µ‡πà‡πÄ‡∏¢‡πá‡∏ô‡∏™‡∏î‡∏ä‡∏∑‡πà‡∏ô‡∏≠‡∏¢‡πà‡∏≤‡∏á‡∏•‡∏á‡∏ï‡∏±‡∏ß‡∏ï‡∏•‡∏≠‡∏î‡∏Å‡∏≤‡∏£‡πÉ‡∏ä‡πâ‡∏á‡∏≤‡∏ô

‚ú® ‡∏Ñ‡∏∏‡∏ì‡∏™‡∏°‡∏ö‡∏±‡∏ï‡∏¥‡πÄ‡∏î‡πà‡∏ô:
‚Ä¢ ‡πÅ‡∏ö‡∏£‡∏ô‡∏î‡πå: Firebox
‚Ä¢ ‡∏Å‡∏•‡∏¥‡πà‡∏ô: ‡πÄ‡∏ö‡∏≠‡∏£‡∏µ‡πà‡∏°‡∏¥‡πâ‡∏ô‡∏ó‡πå
‚Ä¢ ‡∏õ‡∏£‡∏∞‡πÄ‡∏†‡∏ó: ‡∏Å‡πâ‡∏ô‡∏Å‡∏£‡∏≠‡∏á‡∏°‡∏ß‡∏ô‡∏£‡πâ‡∏≠‡∏ô (‡∏°‡∏µ‡∏Å‡∏•‡∏¥‡πà‡∏ô‡πÉ‡∏ô‡∏ï‡∏±‡∏ß)
‚Ä¢ ‡∏Ç‡∏ô‡∏≤‡∏î: ‡∏Å‡πâ‡∏ô‡∏Å‡∏£‡∏≠‡∏á‡∏¢‡∏≤‡∏ß 20 ‡∏°‡∏¥‡∏•
‚Ä¢ ‡∏à‡∏≥‡∏ô‡∏ß‡∏ô: 250 ‡∏°‡∏ß‡∏ô / ‡∏Å‡∏•‡πà‡∏≠‡∏á

---
#‡∏Å‡πâ‡∏ô‡∏Å‡∏£‡∏≠‡∏á #‡∏Å‡πâ‡∏ô‡∏Å‡∏£‡∏≠‡∏á‡∏£‡πâ‡∏≠‡∏ô #‡∏Å‡πâ‡∏ô‡∏Å‡∏£‡∏≠‡∏á‡∏´‡∏≠‡∏° #Firebox #‡πÄ‡∏ö‡∏≠‡∏£‡∏µ‡πà‡∏°‡∏¥‡πâ‡∏ô‡∏ó‡πå",135,135,‡∏Å‡πâ‡∏ô‡∏Å‡∏£‡∏≠‡∏á‡∏´‡∏≠‡∏°VIP-‡∏Å‡∏•‡∏¥‡πà‡∏ô‡∏ú‡∏•‡πÑ‡∏°‡πâ,https://v-ud.com/wp-content/uploads/2024/11/D1.jpeg,https://udst2021.com/wp-content/uploads/2025/03/B6_B41.jpeg,https://udst2021.com/wp-content/uploads/2025/03/B6-CC.jpeg
‡∏Å‡πâ‡∏ô‡∏Å‡∏£‡∏≠‡∏á‡∏°‡∏ß‡∏ô‡∏£‡πâ‡∏≠‡∏ô,D2,‡∏Å‡πâ‡∏ô‡∏Å‡∏£‡∏≠‡∏á‡∏°‡∏ß‡∏ô‡∏£‡πâ‡∏≠‡∏ô Permium SEDCUE-VIP BLACK 300 ‡∏°‡∏ß‡∏ô,‡∏Å‡πâ‡∏ô‡∏Å‡∏£‡∏≠‡∏á‡∏°‡∏ß‡∏ô‡∏£‡πâ‡∏≠‡∏ô Permium SEDCUE-VIP BLACK 1 ‡∏Å‡∏•‡πà‡∏≠‡∏á 300 ‡∏°‡∏ß‡∏ô,‡∏Å‡πâ‡∏ô‡∏Å‡∏£‡∏≠‡∏á‡∏£‡πâ‡∏≠‡∏ô‡∏™‡∏µ‡∏î‡∏≥ Permium SEDCUE ‡∏£‡∏∏‡πà‡∏ô VIP BLACK 300 ‡∏°‡∏ß‡∏ô/‡∏Å‡∏•‡πà‡∏≠‡∏á ‡∏¢‡∏≤‡∏ß‡∏û‡∏¥‡πÄ‡∏®‡∏© 24 ‡∏°‡∏¥‡∏• ‡πÄ‡∏û‡∏¥‡πà‡∏°‡∏Ñ‡∏ß‡∏≤‡∏°‡πÄ‡∏ó‡πà ‡∏û‡∏£‡∏µ‡πÄ‡∏°‡∏µ‡∏¢‡∏° ‡πÑ‡∏°‡πà‡πÄ‡∏´‡∏°‡∏∑‡∏≠‡∏ô‡πÉ‡∏Ñ‡∏£,"üñ§ ‡∏û‡∏£‡πâ‡∏≠‡∏°‡∏™‡πà‡∏á! ‡∏Å‡πâ‡∏ô‡∏Å‡∏£‡∏≠‡∏á‡∏£‡πâ‡∏≠‡∏ô Permium SEDCUE - VIP BLACK (300 ‡∏°‡∏ß‡∏ô) üñ§

‡∏¢‡∏Å‡∏£‡∏∞‡∏î‡∏±‡∏ö‡∏Ñ‡∏ß‡∏≤‡∏°‡∏û‡∏£‡∏µ‡πÄ‡∏°‡∏µ‡∏¢‡∏°‡πÉ‡∏´‡πâ‡∏ó‡∏∏‡∏Å‡∏Å‡∏≤‡∏£‡∏°‡∏ß‡∏ô‡∏Ç‡∏≠‡∏á‡∏Ñ‡∏∏‡∏ì‡∏î‡πâ‡∏ß‡∏¢‡∏Å‡πâ‡∏ô‡∏Å‡∏£‡∏≠‡∏á‡∏™‡∏µ‡∏î‡∏≥‡∏™‡∏∏‡∏î‡πÄ‡∏ó‡πà‡∏à‡∏≤‡∏Å Permium SEDCUE ‡∏£‡∏∏‡πà‡∏ô VIP BLACK ‡∏ó‡∏µ‡πà‡∏¢‡∏≤‡∏ß‡πÄ‡∏õ‡πá‡∏ô‡∏û‡∏¥‡πÄ‡∏®‡∏©‡∏ñ‡∏∂‡∏á 24 ‡∏°‡∏¥‡∏•‡∏•‡∏¥‡πÄ‡∏°‡∏ï‡∏£ ‡πÉ‡∏´‡πâ‡∏•‡∏∏‡∏Ñ‡∏ó‡∏µ‡πà‡∏´‡∏£‡∏π‡∏´‡∏£‡∏≤‡πÅ‡∏•‡∏∞‡πÅ‡∏ï‡∏Å‡∏ï‡πà‡∏≤‡∏á

‚ú® ‡∏Ñ‡∏∏‡∏ì‡∏™‡∏°‡∏ö‡∏±‡∏ï‡∏¥‡πÄ‡∏î‡πà‡∏ô:
‚Ä¢ ‡πÅ‡∏ö‡∏£‡∏ô‡∏î‡πå: Permium SEDCUE
‚Ä¢ ‡∏£‡∏∏‡πà‡∏ô: ‡∏°‡∏ß‡∏ô‡∏î‡∏≥ VIP BLACK
‚Ä¢ ‡∏õ‡∏£‡∏∞‡πÄ‡∏†‡∏ó: ‡∏Å‡πâ‡∏ô‡∏Å‡∏£‡∏≠‡∏á‡∏°‡∏ß‡∏ô‡∏£‡πâ‡∏≠‡∏ô
‚Ä¢ ‡∏à‡∏∏‡∏î‡πÄ‡∏î‡πà‡∏ô: ‡∏Å‡πâ‡∏ô‡∏Å‡∏£‡∏≠‡∏á‡∏™‡∏µ‡∏î‡∏≥ ‡∏¢‡∏≤‡∏ß‡∏û‡∏¥‡πÄ‡∏®‡∏© 24 ‡∏°‡∏¥‡∏•
‚Ä¢ ‡∏à‡∏≥‡∏ô‡∏ß‡∏ô: 300 ‡∏°‡∏ß‡∏ô / ‡∏Å‡∏•‡πà‡∏≠‡∏á

---
#‡∏Å‡πâ‡∏ô‡∏Å‡∏£‡∏≠‡∏á #‡∏Å‡πâ‡∏ô‡∏Å‡∏£‡∏≠‡∏á‡∏£‡πâ‡∏≠‡∏ô #‡∏Å‡πâ‡∏ô‡∏Å‡∏£‡∏≠‡∏á‡∏î‡∏≥ #SEDCUE #VIPblack",120,160,‡∏Å‡πâ‡∏ô‡∏Å‡∏£‡∏≠‡∏á‡∏´‡∏≠‡∏°VIP-‡∏Å‡∏•‡∏¥‡πà‡∏ô‡∏ú‡∏•‡πÑ‡∏°‡πâ,https://v-ud.com/wp-content/uploads/2024/11/D2.jpeg,https://udst2021.com/wp-content/uploads/2025/03/B6-D21.jpeg,https://udst2021.com/wp-content/uploads/2025/03/B6-D21.jpeg
‡∏Å‡∏•‡πà‡∏≠‡∏á‡πÄ‡∏Å‡πá‡∏ö‡∏°‡∏ß‡∏ô,BX,‡∏Å‡∏•‡πà‡∏≠‡∏á‡πÄ‡∏Å‡πá‡∏ö‡∏°‡∏ß‡∏ô Firebox-Premium GOLD ,‡∏Å‡∏•‡πà‡∏≠‡∏á‡πÄ‡∏Å‡πá‡∏ö‡∏°‡∏ß‡∏ô Firebox-Premium GOLD 1‡∏Å‡∏•‡πà‡∏≠‡∏á,‡∏Å‡∏•‡πà‡∏≠‡∏á‡πÄ‡∏Å‡πá‡∏ö‡∏°‡∏ß‡∏ô Firebox ‡∏£‡∏∏‡πà‡∏ô Premium GOLD ‡∏î‡∏µ‡πÑ‡∏ã‡∏ô‡πå‡∏´‡∏£‡∏π‡∏´‡∏£‡∏≤ ‡∏ù‡∏≤‡∏õ‡∏¥‡∏î‡πÅ‡∏°‡πà‡πÄ‡∏´‡∏•‡πá‡∏Å ‡πÅ‡∏Ç‡πá‡∏á‡πÅ‡∏£‡∏á‡∏ó‡∏ô‡∏ó‡∏≤‡∏ô ‡∏û‡∏Å‡∏û‡∏≤‡∏™‡∏∞‡∏î‡∏ß‡∏Å,"‚≠ê ‡∏û‡∏£‡πâ‡∏≠‡∏°‡∏™‡πà‡∏á! ‡∏Å‡∏•‡πà‡∏≠‡∏á‡πÄ‡∏Å‡πá‡∏ö‡∏°‡∏ß‡∏ô Firebox - Premium GOLD ‚≠ê

‡πÄ‡∏Å‡πá‡∏ö‡∏°‡∏ß‡∏ô‡∏¢‡∏≤‡πÄ‡∏™‡πâ‡∏ô‡∏Ç‡∏≠‡∏á‡∏Ñ‡∏∏‡∏ì‡∏≠‡∏¢‡πà‡∏≤‡∏á‡∏°‡∏µ‡∏™‡πÑ‡∏ï‡∏•‡πå‡∏î‡πâ‡∏ß‡∏¢‡∏Å‡∏•‡πà‡∏≠‡∏á‡πÄ‡∏Å‡πá‡∏ö‡∏°‡∏ß‡∏ô‡∏à‡∏≤‡∏Å Firebox ‡∏£‡∏∏‡πà‡∏ô Premium GOLD ‡∏™‡∏µ‡∏ó‡∏≠‡∏á‡∏™‡∏∏‡∏î‡∏´‡∏£‡∏π‡∏´‡∏£‡∏≤ ‡∏≠‡∏≠‡∏Å‡πÅ‡∏ö‡∏ö‡∏°‡∏≤‡πÉ‡∏´‡πâ‡∏°‡∏µ‡∏Ñ‡∏ß‡∏≤‡∏°‡πÅ‡∏Ç‡πá‡∏á‡πÅ‡∏£‡∏á‡∏ó‡∏ô‡∏ó‡∏≤‡∏ô ‡∏õ‡∏Å‡∏õ‡πâ‡∏≠‡∏á‡∏°‡∏ß‡∏ô‡∏Ç‡∏≠‡∏á‡∏Ñ‡∏∏‡∏ì‡∏à‡∏≤‡∏Å‡∏Ñ‡∏ß‡∏≤‡∏°‡πÄ‡∏™‡∏µ‡∏¢‡∏´‡∏≤‡∏¢

‚ú® ‡∏Ñ‡∏∏‡∏ì‡∏™‡∏°‡∏ö‡∏±‡∏ï‡∏¥‡πÄ‡∏î‡πà‡∏ô:
‚Ä¢ ‡πÅ‡∏ö‡∏£‡∏ô‡∏î‡πå: Firebox
‚Ä¢ ‡∏õ‡∏£‡∏∞‡πÄ‡∏†‡∏ó: ‡∏Å‡∏•‡πà‡∏≠‡∏á‡πÄ‡∏Å‡πá‡∏ö‡∏°‡∏ß‡∏ô
‚Ä¢ ‡∏£‡∏∏‡πà‡∏ô: Premium GOLD
‚Ä¢ ‡∏à‡∏∏‡∏î‡πÄ‡∏î‡πà‡∏ô: ‡∏î‡∏µ‡πÑ‡∏ã‡∏ô‡πå‡∏´‡∏£‡∏π‡∏´‡∏£‡∏≤, ‡∏ù‡∏≤‡∏õ‡∏¥‡∏î‡πÅ‡∏ö‡∏ö‡πÅ‡∏°‡πà‡πÄ‡∏´‡∏•‡πá‡∏Å‡πÅ‡∏ô‡πà‡∏ô‡∏´‡∏ô‡∏≤

---
#‡∏Å‡∏•‡πà‡∏≠‡∏á‡πÄ‡∏Å‡πá‡∏ö‡∏°‡∏ß‡∏ô #‡∏ó‡∏µ‡πà‡πÄ‡∏Å‡πá‡∏ö‡∏°‡∏ß‡∏ô #‡∏Å‡∏•‡πà‡∏≠‡∏á‡∏ö‡∏∏‡∏´‡∏£‡∏µ‡πà #Firebox #‡∏≠‡∏∏‡∏õ‡∏Å‡∏£‡∏ì‡πå‡πÄ‡∏™‡∏£‡∏¥‡∏°",55,99,‡∏≠‡∏∏‡∏õ‡∏Å‡∏£‡∏ì‡πå‡πÄ‡∏™‡∏£‡∏¥‡∏°‡∏≠‡∏±‡∏î‡∏°‡∏ß‡∏ô,https://udst2021.com/wp-content/uploads/2025/03/B6-BOX.jpeg,https://udst2021.com/wp-content/uploads/2025/03/,https://udst2021.com/wp-content/uploads/2025/03/
‡πÄ‡∏Ñ‡∏£‡∏∑‡πà‡∏≠‡∏á‡∏≠‡∏±‡∏î‡∏°‡∏ß‡∏ô,FB,‡πÄ‡∏Ñ‡∏£‡∏∑‡πà‡∏≠‡∏á‡∏≠‡∏±‡∏î‡∏°‡∏ß‡∏ô‡πÑ‡∏ü‡∏ü‡πâ‡∏≤ Firebox-‡πÑ‡∏ü‡∏ü‡πâ‡∏≤‡∏≠‡∏±‡∏ï‡πÇ‡∏ô‡∏°‡∏±‡∏ï‡∏¥ FB-PRO ‡∏õ‡∏µ2023 1 ‡πÄ‡∏Ñ‡∏£‡∏∑‡πà‡∏≠‡∏á,‡πÄ‡∏Ñ‡∏£‡∏∑‡πà‡∏≠‡∏á‡∏≠‡∏±‡∏î‡∏°‡∏ß‡∏ô‡πÑ‡∏ü‡∏ü‡πâ‡∏≤ Firebox-‡πÑ‡∏ü‡∏ü‡πâ‡∏≤‡∏≠‡∏±‡∏ï‡πÇ‡∏ô‡∏°‡∏±‡∏ï‡∏¥ FB-PRO ‡∏õ‡∏µ2023 1 ‡πÄ‡∏Ñ‡∏£‡∏∑‡πà‡∏≠‡∏á,‡πÄ‡∏Ñ‡∏£‡∏∑‡πà‡∏≠‡∏á‡∏≠‡∏±‡∏î‡∏°‡∏ß‡∏ô‡πÑ‡∏ü‡∏ü‡πâ‡∏≤ Firebox ‡∏£‡∏∏‡πà‡∏ô FB-PRO ‡∏≠‡∏±‡∏ï‡πÇ‡∏ô‡∏°‡∏±‡∏ï‡∏¥ ‡∏≠‡∏±‡∏î‡πÅ‡∏ô‡πà‡∏ô‡∏™‡∏ß‡∏¢‡∏á‡∏≤‡∏°‡πÉ‡∏ô 5 ‡∏ß‡∏¥‡∏ô‡∏≤‡∏ó‡∏µ ‡πÉ‡∏ä‡πâ‡∏á‡∏≤‡∏ô‡∏á‡πà‡∏≤‡∏¢ ‡∏™‡∏∞‡∏î‡∏ß‡∏Å ‡∏£‡∏ß‡∏î‡πÄ‡∏£‡πá‡∏ß,"üöÄ ‡∏û‡∏£‡πâ‡∏≠‡∏°‡∏™‡πà‡∏á! ‡πÄ‡∏Ñ‡∏£‡∏∑‡πà‡∏≠‡∏á‡∏≠‡∏±‡∏î‡∏°‡∏ß‡∏ô‡πÑ‡∏ü‡∏ü‡πâ‡∏≤ Firebox ‡∏£‡∏∏‡πà‡∏ô FB-PRO ‡∏õ‡∏µ 2023 üöÄ

‡∏ó‡∏≥‡πÉ‡∏´‡πâ‡∏Å‡∏≤‡∏£‡∏≠‡∏±‡∏î‡∏¢‡∏≤‡πÄ‡∏™‡πâ‡∏ô‡πÄ‡∏õ‡πá‡∏ô‡πÄ‡∏£‡∏∑‡πà‡∏≠‡∏á‡∏á‡πà‡∏≤‡∏¢‡πÅ‡∏•‡∏∞‡∏£‡∏ß‡∏î‡πÄ‡∏£‡πá‡∏ß‡∏î‡πâ‡∏ß‡∏¢‡πÄ‡∏Ñ‡∏£‡∏∑‡πà‡∏≠‡∏á‡∏≠‡∏±‡∏î‡πÑ‡∏ü‡∏ü‡πâ‡∏≤‡∏≠‡∏±‡∏ï‡πÇ‡∏ô‡∏°‡∏±‡∏ï‡∏¥‡∏à‡∏≤‡∏Å Firebox ‡∏£‡∏∏‡πà‡∏ô FB-PRO ‡πÄ‡∏û‡∏µ‡∏¢‡∏á‡πÅ‡∏Ñ‡πà‡πÉ‡∏™‡πà‡∏¢‡∏≤‡πÄ‡∏™‡πâ‡∏ô‡πÅ‡∏•‡∏∞‡∏´‡∏•‡∏≠‡∏î‡πÄ‡∏õ‡∏•‡πà‡∏≤ ‡∏Å‡∏î‡∏õ‡∏∏‡πà‡∏°‡∏ó‡∏≥‡∏á‡∏≤‡∏ô ‡∏Å‡πá‡πÑ‡∏î‡πâ‡∏°‡∏ß‡∏ô‡∏ó‡∏µ‡πà‡πÅ‡∏ô‡πà‡∏ô‡∏™‡∏ß‡∏¢‡∏á‡∏≤‡∏°‡πÉ‡∏ô‡πÄ‡∏ß‡∏•‡∏≤‡πÄ‡∏û‡∏µ‡∏¢‡∏á 5 ‡∏ß‡∏¥‡∏ô‡∏≤‡∏ó‡∏µ

‚ú® ‡∏Ñ‡∏∏‡∏ì‡∏™‡∏°‡∏ö‡∏±‡∏ï‡∏¥‡πÄ‡∏î‡πà‡∏ô:
‚Ä¢ ‡πÅ‡∏ö‡∏£‡∏ô‡∏î‡πå: Firebox
‚Ä¢ ‡∏õ‡∏£‡∏∞‡πÄ‡∏†‡∏ó: ‡πÄ‡∏Ñ‡∏£‡∏∑‡πà‡∏≠‡∏á‡∏≠‡∏±‡∏î‡∏°‡∏ß‡∏ô‡πÑ‡∏ü‡∏ü‡πâ‡∏≤
‚Ä¢ ‡∏£‡∏∏‡πà‡∏ô: ‡πÑ‡∏ü‡∏ü‡πâ‡∏≤‡∏≠‡∏±‡∏ï‡πÇ‡∏ô‡∏°‡∏±‡∏ï‡∏¥ FB-PRO ‡∏õ‡∏µ 2023
‚Ä¢ ‡∏à‡∏∏‡∏î‡πÄ‡∏î‡πà‡∏ô: ‡∏≠‡∏±‡∏î‡∏°‡∏ß‡∏ô‡πÄ‡∏£‡πá‡∏ß‡πÄ‡∏û‡∏µ‡∏¢‡∏á 5 ‡∏ß‡∏¥‡∏ô‡∏≤‡∏ó‡∏µ, ‡πÉ‡∏ä‡πâ‡∏á‡∏≤‡∏ô‡∏á‡πà‡∏≤‡∏¢

---
#‡πÄ‡∏Ñ‡∏£‡∏∑‡πà‡∏≠‡∏á‡∏≠‡∏±‡∏î #‡πÄ‡∏Ñ‡∏£‡∏∑‡πà‡∏≠‡∏á‡∏≠‡∏±‡∏î‡πÑ‡∏ü‡∏ü‡πâ‡∏≤ #‡πÄ‡∏Ñ‡∏£‡∏∑‡πà‡∏≠‡∏á‡∏≠‡∏±‡∏î‡∏¢‡∏≤‡πÄ‡∏™‡πâ‡∏ô #Firebox",280,390,‡∏≠‡∏∏‡∏õ‡∏Å‡∏£‡∏ì‡πå‡πÄ‡∏™‡∏£‡∏¥‡∏°‡∏≠‡∏±‡∏î‡∏°‡∏ß‡∏ô,https://udst2021.com/wp-content/uploads/2025/03/B6-FB-PRO.jpeg,https://udst2021.com/wp-content/uploads/2025/03/B6-FB-PRO22.jpeg,https://udst2021.com/wp-content/uploads/2025/03/B6-FB-PRO22.jpeg
‡πÄ‡∏Ñ‡∏£‡∏∑‡πà‡∏≠‡∏á‡∏≠‡∏±‡∏î‡∏°‡∏ß‡∏ô,FD1,‡πÄ‡∏Ñ‡∏£‡∏∑‡πà‡∏≠‡∏á‡∏≠‡∏±‡∏î‡∏°‡∏ß‡∏ô ‡πÅ‡∏ö‡∏ö‡∏û‡∏Å‡∏û‡∏≤ Firebox-‡πÅ‡∏ö‡∏ö‡∏û‡∏Å‡∏û‡∏≤ FD1 1 ‡∏≠‡∏±‡∏ô,‡πÄ‡∏Ñ‡∏£‡∏∑‡πà‡∏≠‡∏á‡∏≠‡∏±‡∏î‡∏°‡∏ß‡∏ô ‡πÅ‡∏ö‡∏ö‡∏û‡∏Å‡∏û‡∏≤ Firebox-‡πÅ‡∏ö‡∏ö‡∏û‡∏Å‡∏û‡∏≤ FD1 1 ‡∏≠‡∏±‡∏ô,‡πÄ‡∏Ñ‡∏£‡∏∑‡πà‡∏≠‡∏á‡∏≠‡∏±‡∏î‡∏°‡∏ß‡∏ô ‡πÅ‡∏ö‡∏ö‡∏û‡∏Å‡∏û‡∏≤ Firebox ‡∏£‡∏∏‡πà‡∏ô FD1 ‡∏´‡∏ô‡∏≤‡∏ó‡∏ô‡∏û‡∏¥‡πÄ‡∏®‡∏© ‡πÉ‡∏ä‡πâ‡∏á‡∏≤‡∏ô‡∏™‡∏∞‡∏î‡∏ß‡∏Å ‡∏≠‡∏±‡∏î‡∏á‡πà‡∏≤‡∏¢ ‡πÅ‡∏ô‡πà‡∏ô‡∏™‡∏ß‡∏¢‡∏á‡∏≤‡∏°,"üñêÔ∏è ‡∏û‡∏£‡πâ‡∏≠‡∏°‡∏™‡πà‡∏á! ‡πÄ‡∏Ñ‡∏£‡∏∑‡πà‡∏≠‡∏á‡∏≠‡∏±‡∏î‡∏°‡∏ß‡∏ô‡∏û‡∏Å‡∏û‡∏≤ Firebox ‡∏£‡∏∏‡πà‡∏ô FD1 (‡∏£‡∏∏‡πà‡∏ô‡∏´‡∏ô‡∏≤‡∏ó‡∏ô) üñêÔ∏è

‡πÄ‡∏Ñ‡∏£‡∏∑‡πà‡∏≠‡∏á‡∏≠‡∏±‡∏î‡∏°‡∏ß‡∏ô‡πÅ‡∏ö‡∏ö‡∏û‡∏Å‡∏û‡∏≤‡∏Ñ‡∏∏‡∏ì‡∏†‡∏≤‡∏û‡∏™‡∏π‡∏á‡∏à‡∏≤‡∏Å Firebox ‡∏£‡∏∏‡πà‡∏ô FD1 ‡∏ú‡∏•‡∏¥‡∏ï‡∏à‡∏≤‡∏Å‡∏ß‡∏±‡∏™‡∏î‡∏∏‡πÄ‡∏Å‡∏£‡∏î‡∏î‡∏µ ‡∏°‡∏µ‡∏Ñ‡∏ß‡∏≤‡∏°‡∏´‡∏ô‡∏≤‡πÅ‡∏•‡∏∞‡∏ó‡∏ô‡∏ó‡∏≤‡∏ô‡πÄ‡∏õ‡πá‡∏ô‡∏û‡∏¥‡πÄ‡∏®‡∏© ‡∏≠‡∏≠‡∏Å‡πÅ‡∏ö‡∏ö‡∏°‡∏≤‡πÉ‡∏´‡πâ‡πÉ‡∏ä‡πâ‡∏á‡∏≤‡∏ô‡∏á‡πà‡∏≤‡∏¢ ‡∏≠‡∏±‡∏î‡∏¢‡∏≤‡πÄ‡∏™‡πâ‡∏ô‡πÑ‡∏î‡πâ‡πÅ‡∏ô‡πà‡∏ô‡∏™‡∏ß‡∏¢‡∏á‡∏≤‡∏° ‡∏û‡∏Å‡∏û‡∏≤‡πÑ‡∏õ‡πÑ‡∏î‡πâ‡∏ó‡∏∏‡∏Å‡∏ó‡∏µ‡πà

‚ú® ‡∏Ñ‡∏∏‡∏ì‡∏™‡∏°‡∏ö‡∏±‡∏ï‡∏¥‡πÄ‡∏î‡πà‡∏ô:
‚Ä¢ ‡πÅ‡∏ö‡∏£‡∏ô‡∏î‡πå: Firebox
‚Ä¢ ‡∏õ‡∏£‡∏∞‡πÄ‡∏†‡∏ó: ‡πÄ‡∏Ñ‡∏£‡∏∑‡πà‡∏≠‡∏á‡∏≠‡∏±‡∏î‡∏°‡∏ß‡∏ô‡πÅ‡∏ö‡∏ö‡∏û‡∏Å‡∏û‡∏≤
‚Ä¢ ‡∏£‡∏∏‡πà‡∏ô: FD1 (‡∏£‡∏∏‡πà‡∏ô‡∏´‡∏ô‡∏≤‡∏ó‡∏ô)
‚Ä¢ ‡∏à‡∏∏‡∏î‡πÄ‡∏î‡πà‡∏ô: ‡∏ß‡∏±‡∏™‡∏î‡∏∏‡∏´‡∏ô‡∏≤ ‡∏ó‡∏ô‡∏ó‡∏≤‡∏ô‡πÄ‡∏õ‡πá‡∏ô‡∏û‡∏¥‡πÄ‡∏®‡∏©, ‡πÉ‡∏ä‡πâ‡∏á‡∏≤‡∏ô‡∏á‡πà‡∏≤‡∏¢

---
#‡πÄ‡∏Ñ‡∏£‡∏∑‡πà‡∏≠‡∏á‡∏≠‡∏±‡∏î #‡πÄ‡∏Ñ‡∏£‡∏∑‡πà‡∏≠‡∏á‡∏≠‡∏±‡∏î‡∏û‡∏Å‡∏û‡∏≤ #‡πÄ‡∏Ñ‡∏£‡∏∑‡πà‡∏≠‡∏á‡∏≠‡∏±‡∏î‡∏¢‡∏≤‡πÄ‡∏™‡πâ‡∏ô #Firebox",90,180,‡∏≠‡∏∏‡∏õ‡∏Å‡∏£‡∏ì‡πå‡πÄ‡∏™‡∏£‡∏¥‡∏°‡∏≠‡∏±‡∏î‡∏°‡∏ß‡∏ô,https://udst2021.com/wp-content/uploads/2025/03/B6-FD2.jpeg,https://udst2021.com/wp-content/uploads/2025/03/B6-FD1.jpeg,https://udst2021.com/wp-content/uploads/2025/03/B6-FD1.jpeg
‡πÄ‡∏Ñ‡∏£‡∏∑‡πà‡∏≠‡∏á‡∏≠‡∏±‡∏î‡∏°‡∏ß‡∏ô,FD2,‡πÄ‡∏Ñ‡∏£‡∏∑‡πà‡∏≠‡∏á‡∏≠‡∏±‡∏î‡∏°‡∏ß‡∏ô ‡πÅ‡∏ö‡∏ö‡∏û‡∏Å‡∏û‡∏≤ FD2-‡πÅ‡∏ö‡∏ö‡∏û‡∏Å‡∏û‡∏≤ FD2 1 ‡∏≠‡∏±‡∏ô,‡πÄ‡∏Ñ‡∏£‡∏∑‡πà‡∏≠‡∏á‡∏≠‡∏±‡∏î‡∏°‡∏ß‡∏ô ‡πÅ‡∏ö‡∏ö‡∏û‡∏Å‡∏û‡∏≤ FD2-‡πÅ‡∏ö‡∏ö‡∏û‡∏Å‡∏û‡∏≤ FD2 1 ‡∏≠‡∏±‡∏ô,‡πÄ‡∏Ñ‡∏£‡∏∑‡πà‡∏≠‡∏á‡∏≠‡∏±‡∏î‡∏°‡∏ß‡∏ô ‡πÅ‡∏ö‡∏ö‡∏û‡∏Å‡∏û‡∏≤ FIRD ‡∏£‡∏∏‡πà‡∏ô FD2 ‡∏™‡∏≥‡∏´‡∏£‡∏±‡∏ö‡∏ú‡∏π‡πâ‡πÄ‡∏£‡∏¥‡πà‡∏°‡∏ï‡πâ‡∏ô ‡πÉ‡∏ä‡πâ‡∏á‡∏≤‡∏ô‡∏á‡πà‡∏≤‡∏¢ ‡∏£‡∏≤‡∏Ñ‡∏≤‡∏õ‡∏£‡∏∞‡∏´‡∏¢‡∏±‡∏î,"‡∏™‡∏≥‡∏´‡∏£‡∏±‡∏ö‡∏ú‡∏π‡πâ‡πÄ‡∏£‡∏¥‡πà‡∏°‡∏ï‡πâ‡∏ô ‡πÉ‡∏ä‡πâ‡∏á‡∏≤‡∏ô‡∏á‡πà‡∏≤‡∏¢ ‡∏£‡∏≤‡∏Ñ‡∏≤‡∏õ‡∏£‡∏∞‡∏´‡∏¢‡∏±‡∏î
üëç ‡∏û‡∏£‡πâ‡∏≠‡∏°‡∏™‡πà‡∏á! ‡πÄ‡∏Ñ‡∏£‡∏∑‡πà‡∏≠‡∏á‡∏≠‡∏±‡∏î‡∏°‡∏ß‡∏ô‡∏û‡∏Å‡∏û‡∏≤ FIRD ‡∏£‡∏∏‡πà‡∏ô FD2 (‡∏£‡∏∏‡πà‡∏ô‡πÄ‡∏£‡∏¥‡πà‡∏°‡∏ï‡πâ‡∏ô) üëç‚Ä®‚Ä®‡πÄ‡∏´‡∏°‡∏≤‡∏∞‡∏™‡∏≥‡∏´‡∏£‡∏±‡∏ö‡∏ú‡∏π‡πâ‡πÄ‡∏£‡∏¥‡πà‡∏°‡∏ï‡πâ‡∏ô! ‡πÄ‡∏Ñ‡∏£‡∏∑‡πà‡∏≠‡∏á‡∏≠‡∏±‡∏î‡∏°‡∏ß‡∏ô‡πÅ‡∏ö‡∏ö‡∏û‡∏Å‡∏û‡∏≤‡∏£‡∏≤‡∏Ñ‡∏≤‡∏õ‡∏£‡∏∞‡∏´‡∏¢‡∏±‡∏î‡∏à‡∏≤‡∏Å FIRD ‡∏£‡∏∏‡πà‡∏ô FD2 ‡πÉ‡∏ä‡πâ‡∏á‡∏≤‡∏ô‡∏á‡πà‡∏≤‡∏¢ ‡πÑ‡∏°‡πà‡∏ã‡∏±‡∏ö‡∏ã‡πâ‡∏≠‡∏ô ‡πÄ‡∏õ‡πá‡∏ô‡∏ï‡∏±‡∏ß‡πÄ‡∏•‡∏∑‡∏≠‡∏Å‡∏ó‡∏µ‡πà‡∏¢‡∏≠‡∏î‡πÄ‡∏¢‡∏µ‡πà‡∏¢‡∏°‡∏™‡∏≥‡∏´‡∏£‡∏±‡∏ö‡∏ú‡∏π‡πâ‡∏ó‡∏µ‡πà‡∏≠‡∏¢‡∏≤‡∏Å‡∏•‡∏≠‡∏á‡∏≠‡∏±‡∏î‡∏¢‡∏≤‡πÄ‡∏™‡πâ‡∏ô‡∏î‡πâ‡∏ß‡∏¢‡∏ï‡∏ô‡πÄ‡∏≠‡∏á‚Ä®‚Ä®‚ú® ‡∏Ñ‡∏∏‡∏ì‡∏™‡∏°‡∏ö‡∏±‡∏ï‡∏¥‡πÄ‡∏î‡πà‡∏ô:‚Ä®‚Ä¢ ‡πÅ‡∏ö‡∏£‡∏ô‡∏î‡πå: FIRD‚Ä®‚Ä¢ ‡∏õ‡∏£‡∏∞‡πÄ‡∏†‡∏ó: ‡πÄ‡∏Ñ‡∏£‡∏∑‡πà‡∏≠‡∏á‡∏≠‡∏±‡∏î‡∏°‡∏ß‡∏ô‡πÅ‡∏ö‡∏ö‡∏û‡∏Å‡∏û‡∏≤‚Ä®‚Ä¢ ‡∏£‡∏∏‡πà‡∏ô: FD2 (‡∏£‡∏∏‡πà‡∏ô‡πÄ‡∏£‡∏¥‡πà‡∏°‡∏ï‡πâ‡∏ô)‚Ä®‚Ä¢ ‡∏à‡∏∏‡∏î‡πÄ‡∏î‡πà‡∏ô: ‡πÉ‡∏ä‡πâ‡∏á‡∏≤‡∏ô‡∏á‡πà‡∏≤‡∏¢, ‡∏£‡∏≤‡∏Ñ‡∏≤‡∏õ‡∏£‡∏∞‡∏´‡∏¢‡∏±‡∏î, ‡πÄ‡∏´‡∏°‡∏≤‡∏∞‡∏™‡∏≥‡∏´‡∏£‡∏±‡∏ö‡∏ú‡∏π‡πâ‡πÄ‡∏£‡∏¥‡πà‡∏°‡∏ï‡πâ‡∏ô‚Ä®‚Ä®---‚Ä®#‡πÄ‡∏Ñ‡∏£‡∏∑‡πà‡∏≠‡∏á‡∏≠‡∏±‡∏î #‡πÄ‡∏Ñ‡∏£‡∏∑‡πà‡∏≠‡∏á‡∏≠‡∏±‡∏î‡∏û‡∏Å‡∏û‡∏≤ #‡πÄ‡∏Ñ‡∏£‡∏∑‡πà‡∏≠‡∏á‡∏≠‡∏±‡∏î‡∏¢‡∏≤‡πÄ‡∏™‡πâ‡∏ô #FIRD
",50,140,‡∏≠‡∏∏‡∏õ‡∏Å‡∏£‡∏ì‡πå‡πÄ‡∏™‡∏£‡∏¥‡∏°‡∏≠‡∏±‡∏î‡∏°‡∏ß‡∏ô,https://udst2021.com/wp-content/uploads/2025/03/B6-FD12.jpeg,https://udst2021.com/wp-content/uploads/2025/03/B6-FD1.jpeg,https://udst2021.com/wp-content/uploads/2025/03/B6-FD1.jpeg
‡πÄ‡∏Å‡∏£‡∏î‡πÇ‡∏£‡∏á‡∏á‡∏≤‡∏ô,V1,‡∏¢‡∏≤‡πÄ‡∏™‡πâ‡∏ô LM ( ‡πÅ‡∏≠‡∏•‡πÄ‡∏≠‡πá‡∏° ) ‡πÄ‡∏Å‡∏£‡∏î‡πÇ‡∏£‡∏á‡∏á‡∏≤‡∏ô ‡∏£‡∏∏‡πà‡∏ô V1-L,YASEN ‡πÄ‡∏Å‡∏£‡∏î‡πÇ‡∏£‡∏á‡∏á‡∏≤‡∏ô V1-L ( ‡πÅ‡∏≠‡∏•‡πÄ‡∏≠‡πá‡∏° ) 1‡∏ñ‡∏∏‡∏á 100 ‡∏Å‡∏£‡∏±‡∏°,‡∏¢‡∏≤‡πÄ‡∏™‡πâ‡∏ô YASEN ‡πÄ‡∏Å‡∏£‡∏î‡πÇ‡∏£‡∏á‡∏á‡∏≤‡∏ô ‡∏£‡∏∏‡πà‡∏ô V1-L (‡πÅ‡∏≠‡∏•‡πÄ‡∏≠‡πá‡∏°) ‡∏Ç‡∏ô‡∏≤‡∏î 100 ‡∏Å‡∏£‡∏±‡∏° ‡∏£‡∏≤‡∏Ñ‡∏≤‡∏õ‡∏£‡∏∞‡∏´‡∏¢‡∏±‡∏î ‡∏Å‡∏•‡∏¥‡πà‡∏ô‡πÑ‡∏°‡πà‡∏â‡∏∏‡∏ô ‡∏£‡∏™‡∏ä‡∏≤‡∏ï‡∏¥‡∏à‡∏∑‡∏î‡πÄ‡∏ö‡∏≤ ‡∏™‡πÑ‡∏ï‡∏•‡πå‡∏¢‡∏≤‡∏ã‡∏≠‡∏á,"üè≠ ‡∏û‡∏£‡πâ‡∏≠‡∏°‡∏™‡πà‡∏á! ‡∏¢‡∏≤‡πÄ‡∏™‡πâ‡∏ô YASEN ‡πÄ‡∏Å‡∏£‡∏î‡πÇ‡∏£‡∏á‡∏á‡∏≤‡∏ô ‡∏£‡∏∏‡πà‡∏ô V1-L (‡πÅ‡∏≠‡∏•‡πÄ‡∏≠‡πá‡∏°) (100 ‡∏Å‡∏£‡∏±‡∏°) üè≠
‡∏Ç‡∏≠‡πÅ‡∏ô‡∏∞‡∏ô‡∏≥‡∏¢‡∏≤‡πÄ‡∏™‡πâ‡∏ô YASEN ‡πÄ‡∏Å‡∏£‡∏î‡πÇ‡∏£‡∏á‡∏á‡∏≤‡∏ô ‡∏ã‡∏µ‡∏£‡∏µ‡∏™‡πå‡πÉ‡∏´‡∏°‡πà! ‡∏ó‡∏≤‡∏á‡πÄ‡∏•‡∏∑‡∏≠‡∏Å‡∏™‡∏∏‡∏î‡∏Ñ‡∏∏‡πâ‡∏°‡∏™‡∏≥‡∏´‡∏£‡∏±‡∏ö‡∏ô‡∏±‡∏Å‡∏°‡∏ß‡∏ô‡∏ó‡∏µ‡πà‡∏°‡∏≠‡∏á‡∏´‡∏≤‡πÉ‡∏ö‡∏¢‡∏≤‡∏Ñ‡∏∏‡∏ì‡∏†‡∏≤‡∏û‡∏î‡∏µ‡πÉ‡∏ô‡∏£‡∏≤‡∏Ñ‡∏≤‡∏ó‡∏µ‡πà‡πÄ‡∏Ç‡πâ‡∏≤‡∏ñ‡∏∂‡∏á‡∏á‡πà‡∏≤‡∏¢ ‡πÉ‡∏´‡πâ‡∏ü‡∏µ‡∏•‡∏•‡∏¥‡πà‡∏á‡∏Å‡∏≤‡∏£‡∏™‡∏π‡∏ö‡∏™‡πÑ‡∏ï‡∏•‡πå‡∏¢‡∏≤‡∏ã‡∏≠‡∏á‡∏ó‡∏µ‡πà‡∏Ñ‡∏∏‡∏ì‡∏Ñ‡∏∏‡πâ‡∏ô‡πÄ‡∏Ñ‡∏¢ ‡πÅ‡∏ï‡πà‡∏õ‡∏£‡∏∞‡∏´‡∏¢‡∏±‡∏î‡∏Å‡∏ß‡πà‡∏≤‡πÄ‡∏¢‡∏≠‡∏∞!
‡∏£‡∏∏‡πà‡∏ô V1-L (‡πÅ‡∏≠‡∏•‡πÄ‡∏≠‡πá‡∏°) ‡∏°‡∏≤‡∏û‡∏£‡πâ‡∏≠‡∏°‡∏Å‡∏±‡∏ö‡∏£‡∏™‡∏ä‡∏≤‡∏ï‡∏¥ ‡∏à‡∏∑‡∏î‡πÄ‡∏ö‡∏≤ ‡∏Å‡∏•‡∏¥‡πà‡∏ô‡πÑ‡∏°‡πà‡∏â‡∏∏‡∏ô ‡πÑ‡∏°‡πà‡∏£‡∏ö‡∏Å‡∏ß‡∏ô‡∏Ñ‡∏ô‡∏£‡∏≠‡∏ö‡∏Ç‡πâ‡∏≤‡∏á ‡∏ú‡∏•‡∏¥‡∏ï‡∏à‡∏≤‡∏Å‡πÉ‡∏ö‡∏¢‡∏≤‡∏Ñ‡∏∏‡∏ì‡∏†‡∏≤‡∏û‡∏î‡∏µ‡∏ó‡∏µ‡πà‡∏ú‡πà‡∏≤‡∏ô‡∏Å‡∏≤‡∏£‡∏Ñ‡∏±‡∏î‡∏™‡∏£‡∏£‡πÅ‡∏•‡∏∞‡∏Å‡∏£‡∏∞‡∏ö‡∏ß‡∏ô‡∏Å‡∏≤‡∏£‡∏ú‡∏•‡∏¥‡∏ï‡∏ó‡∏µ‡πà‡πÑ‡∏î‡πâ‡∏°‡∏≤‡∏ï‡∏£‡∏ê‡∏≤‡∏ô
‚ú® ‡∏Ñ‡∏∏‡∏ì‡∏™‡∏°‡∏ö‡∏±‡∏ï‡∏¥‡πÄ‡∏î‡πà‡∏ô:
‚úÖ ‡πÅ‡∏ö‡∏£‡∏ô‡∏î‡πå: YASEN
‚úÖ ‡πÄ‡∏Å‡∏£‡∏î: ‡πÄ‡∏Å‡∏£‡∏î‡πÇ‡∏£‡∏á‡∏á‡∏≤‡∏ô (‡∏Ñ‡∏∏‡πâ‡∏°‡∏Ñ‡πà‡∏≤ ‡∏£‡∏≤‡∏Ñ‡∏≤‡∏õ‡∏£‡∏∞‡∏´‡∏¢‡∏±‡∏î)
‚úÖ ‡∏£‡∏∏‡πà‡∏ô/‡∏£‡∏™‡∏ä‡∏≤‡∏ï‡∏¥: V1-L (‡πÅ‡∏≠‡∏•‡πÄ‡∏≠‡πá‡∏°)
‚úÖ ‡∏ô‡πâ‡∏≥‡∏´‡∏ô‡∏±‡∏Å: 100 ‡∏Å‡∏£‡∏±‡∏° ‡∏ï‡πà‡∏≠‡∏ñ‡∏∏‡∏á
‚úÖ ‡∏à‡∏∏‡∏î‡πÄ‡∏î‡πà‡∏ô: ‡∏£‡∏™‡∏ä‡∏≤‡∏ï‡∏¥‡∏à‡∏∑‡∏î‡πÄ‡∏ö‡∏≤, ‡∏Å‡∏•‡∏¥‡πà‡∏ô‡πÑ‡∏°‡πà‡∏â‡∏∏‡∏ô, ‡∏ü‡∏µ‡∏•‡∏•‡∏¥‡πà‡∏á‡∏Ñ‡∏•‡πâ‡∏≤‡∏¢‡∏¢‡∏≤‡∏ã‡∏≠‡∏á
‚úÖ ‡∏ö‡∏£‡∏£‡∏à‡∏∏‡∏†‡∏±‡∏ì‡∏ë‡πå: ‡∏ã‡∏≠‡∏á‡∏ã‡∏¥‡∏õ‡∏•‡πá‡∏≠‡∏Ñ‡∏Ñ‡∏∏‡∏ì‡∏†‡∏≤‡∏û‡∏î‡∏µ ‡∏£‡∏±‡∏Å‡∏©‡∏≤‡∏Ñ‡∏∏‡∏ì‡∏†‡∏≤‡∏û‡∏¢‡∏≤‡πÄ‡∏™‡πâ‡∏ô
üì¶ ‡∏™‡∏¥‡∏ô‡∏Ñ‡πâ‡∏≤‡∏ó‡∏µ‡πà‡∏Ñ‡∏∏‡∏ì‡∏à‡∏∞‡πÑ‡∏î‡πâ‡∏£‡∏±‡∏ö:
‡∏¢‡∏≤‡πÄ‡∏™‡πâ‡∏ô YASEN ‡πÄ‡∏Å‡∏£‡∏î‡πÇ‡∏£‡∏á‡∏á‡∏≤‡∏ô ‡∏£‡∏∏‡πà‡∏ô V1-L ‡∏Ç‡∏ô‡∏≤‡∏î 100 ‡∏Å‡∏£‡∏±‡∏° ‡∏à‡∏≥‡∏ô‡∏ß‡∏ô 1 ‡∏ñ‡∏∏‡∏á

#‡∏¢‡∏≤‡πÄ‡∏™‡πâ‡∏ô #‡πÉ‡∏ö‡∏¢‡∏≤‡πÄ‡∏™‡πâ‡∏ô #‡∏¢‡∏≤‡πÄ‡∏™‡πâ‡∏ô‡πÄ‡∏Å‡∏£‡∏î‡πÇ‡∏£‡∏á‡∏á‡∏≤‡∏ô #YASEN #‡∏¢‡∏≤‡πÄ‡∏™‡πâ‡∏ôLM #‡∏¢‡∏≤‡πÄ‡∏™‡πâ‡∏ô‡∏û‡∏£‡∏µ‡πÄ‡∏°‡∏µ‡πà‡∏¢‡∏° #‡∏¢‡∏≤‡πÄ‡∏™‡πâ‡∏ô‡∏¢‡∏≤‡πÄ‡∏ã‡πá‡∏ô
",35,70,‡∏¢‡∏≤‡πÄ‡∏™‡πâ‡∏ô (‡∏™‡∏≥‡∏´‡∏£‡∏±‡∏ö‡∏≠‡∏±‡∏î‡∏°‡∏ß‡∏ô‡πÄ‡∏≠‡∏á) ,https://udst2021.com/wp-content/uploads/2024/13/%E0%B8%A3%E0%B9%89%E0%B8%B2%E0%B8%99-B5-V1.png,https://udst2021.com/wp-content/uploads/2025/03/B6_V.jpeg,https://udst2021.com/wp-content/uploads/2025/03/
‡πÄ‡∏Å‡∏£‡∏î‡πÇ‡∏£‡∏á‡∏á‡∏≤‡∏ô,V2,‡∏¢‡∏≤‡πÄ‡∏™‡πâ‡∏ô‡∏Å‡∏£‡∏≠‡∏á‡∏ó‡∏¥‡∏û‡∏¢‡πå ‡πÄ‡∏Å‡∏£‡∏î‡πÇ‡∏£‡∏á‡∏á‡∏≤‡∏ô ‡∏£‡∏∏‡πà‡∏ô V2-K,YASEN ‡πÄ‡∏Å‡∏£‡∏î‡πÇ‡∏£‡∏á‡∏á‡∏≤‡∏ô V2-K ( ‡∏Å‡∏£‡∏≠‡∏á‡∏ó‡∏¥‡∏û‡∏¢‡πå ) ¬†1‡∏ñ‡∏∏‡∏á 100 ‡∏Å‡∏£‡∏±‡∏°,‡∏¢‡∏≤‡πÄ‡∏™‡πâ‡∏ô YASEN ‡πÄ‡∏Å‡∏£‡∏î‡πÇ‡∏£‡∏á‡∏á‡∏≤‡∏ô ‡∏£‡∏∏‡πà‡∏ô V2-K (‡∏Å‡∏£‡∏≠‡∏á‡∏ó‡∏¥‡∏û‡∏¢‡πå) ‡∏Ç‡∏ô‡∏≤‡∏î 100 ‡∏Å‡∏£‡∏±‡∏° ‡∏£‡∏≤‡∏Ñ‡∏≤‡∏õ‡∏£‡∏∞‡∏´‡∏¢‡∏±‡∏î ‡∏Å‡∏•‡∏¥‡πà‡∏ô‡πÑ‡∏°‡πà‡∏â‡∏∏‡∏ô ‡∏£‡∏™‡∏ä‡∏≤‡∏ï‡∏¥‡πÄ‡∏Ç‡πâ‡∏°‡∏Å‡∏•‡∏≤‡∏á‡πÜ ‡∏™‡πÑ‡∏ï‡∏•‡πå‡∏¢‡∏≤‡∏ã‡∏≠‡∏á,"üè≠ ‡∏û‡∏£‡πâ‡∏≠‡∏°‡∏™‡πà‡∏á! ‡∏¢‡∏≤‡πÄ‡∏™‡πâ‡∏ô YASEN ‡πÄ‡∏Å‡∏£‡∏î‡πÇ‡∏£‡∏á‡∏á‡∏≤‡∏ô ‡∏£‡∏∏‡πà‡∏ô V2-K (‡∏Å‡∏£‡∏≠‡∏á‡∏ó‡∏¥‡∏û‡∏¢‡πå) (100 ‡∏Å‡∏£‡∏±‡∏°) üè≠
‡∏¢‡∏≤‡πÄ‡∏™‡πâ‡∏ô YASEN ‡πÄ‡∏Å‡∏£‡∏î‡πÇ‡∏£‡∏á‡∏á‡∏≤‡∏ô ‡∏ã‡∏µ‡∏£‡∏µ‡∏™‡πå‡πÉ‡∏´‡∏°‡πà! ‡∏ó‡∏≤‡∏á‡πÄ‡∏•‡∏∑‡∏≠‡∏Å‡∏™‡∏∏‡∏î‡∏Ñ‡∏∏‡πâ‡∏°‡∏™‡∏≥‡∏´‡∏£‡∏±‡∏ö‡∏ô‡∏±‡∏Å‡∏°‡∏ß‡∏ô‡∏ó‡∏µ‡πà‡∏ï‡πâ‡∏≠‡∏á‡∏Å‡∏≤‡∏£‡πÉ‡∏ö‡∏¢‡∏≤‡∏Ñ‡∏∏‡∏ì‡∏†‡∏≤‡∏û‡∏î‡∏µ‡πÉ‡∏ô‡∏£‡∏≤‡∏Ñ‡∏≤‡∏õ‡∏£‡∏∞‡∏´‡∏¢‡∏±‡∏î ‡πÉ‡∏´‡πâ‡∏ü‡∏µ‡∏•‡∏•‡∏¥‡πà‡∏á‡∏Å‡∏≤‡∏£‡∏™‡∏π‡∏ö‡∏ó‡∏µ‡πà‡∏Ñ‡∏∏‡πâ‡∏ô‡πÄ‡∏Ñ‡∏¢‡πÄ‡∏´‡∏°‡∏∑‡∏≠‡∏ô‡∏¢‡∏≤‡∏ã‡∏≠‡∏á ‡πÅ‡∏ï‡πà‡∏™‡∏ö‡∏≤‡∏¢‡∏Å‡∏£‡∏∞‡πÄ‡∏õ‡πã‡∏≤‡∏Å‡∏ß‡πà‡∏≤
‡∏£‡∏∏‡πà‡∏ô V2-K (‡∏Å‡∏£‡∏≠‡∏á‡∏ó‡∏¥‡∏û‡∏¢‡πå) ‡∏°‡∏≤‡∏û‡∏£‡πâ‡∏≠‡∏°‡∏Å‡∏±‡∏ö‡∏£‡∏™‡∏ä‡∏≤‡∏ï‡∏¥ ‡πÄ‡∏Ç‡πâ‡∏°‡∏Å‡∏•‡∏≤‡∏á‡πÜ ‡πÅ‡∏ï‡πà‡∏Å‡∏•‡∏¥‡πà‡∏ô‡πÑ‡∏°‡πà‡∏â‡∏∏‡∏ô ‡πÉ‡∏´‡πâ‡∏Ñ‡∏ß‡∏≤‡∏°‡∏£‡∏π‡πâ‡∏™‡∏∂‡∏Å‡∏ó‡∏µ‡πà‡∏•‡∏á‡∏ï‡∏±‡∏ß ‡πÑ‡∏°‡πà‡πÅ‡∏£‡∏á‡πÄ‡∏Å‡∏¥‡∏ô‡πÑ‡∏õ ‡πÄ‡∏´‡∏°‡∏≤‡∏∞‡∏™‡∏≥‡∏´‡∏£‡∏±‡∏ö‡∏ó‡∏∏‡∏Å‡∏Ñ‡∏ô
‚ú® ‡∏Ñ‡∏∏‡∏ì‡∏™‡∏°‡∏ö‡∏±‡∏ï‡∏¥‡πÄ‡∏î‡πà‡∏ô:
‚úÖ ‡πÅ‡∏ö‡∏£‡∏ô‡∏î‡πå: YASEN
‚úÖ ‡πÄ‡∏Å‡∏£‡∏î: ‡πÄ‡∏Å‡∏£‡∏î‡πÇ‡∏£‡∏á‡∏á‡∏≤‡∏ô (‡∏Ñ‡∏∏‡πâ‡∏°‡∏Ñ‡πà‡∏≤ ‡∏£‡∏≤‡∏Ñ‡∏≤‡∏õ‡∏£‡∏∞‡∏´‡∏¢‡∏±‡∏î)
‚úÖ ‡∏£‡∏∏‡πà‡∏ô/‡∏£‡∏™‡∏ä‡∏≤‡∏ï‡∏¥: V2-K (‡∏Å‡∏£‡∏≠‡∏á‡∏ó‡∏¥‡∏û‡∏¢‡πå)
‚úÖ ‡∏ô‡πâ‡∏≥‡∏´‡∏ô‡∏±‡∏Å: 100 ‡∏Å‡∏£‡∏±‡∏° ‡∏ï‡πà‡∏≠‡∏ñ‡∏∏‡∏á
‚úÖ ‡∏à‡∏∏‡∏î‡πÄ‡∏î‡πà‡∏ô: ‡∏£‡∏™‡∏ä‡∏≤‡∏ï‡∏¥‡πÄ‡∏Ç‡πâ‡∏°‡∏Å‡∏•‡∏≤‡∏á, ‡∏Å‡∏•‡∏¥‡πà‡∏ô‡πÑ‡∏°‡πà‡∏â‡∏∏‡∏ô, ‡∏ü‡∏µ‡∏•‡∏•‡∏¥‡πà‡∏á‡∏Ñ‡∏•‡πâ‡∏≤‡∏¢‡∏¢‡∏≤‡∏ã‡∏≠‡∏á
‚úÖ ‡∏ö‡∏£‡∏£‡∏à‡∏∏‡∏†‡∏±‡∏ì‡∏ë‡πå: ‡∏ã‡∏≠‡∏á‡∏ã‡∏¥‡∏õ‡∏•‡πá‡∏≠‡∏Ñ‡∏Ñ‡∏∏‡∏ì‡∏†‡∏≤‡∏û‡∏î‡∏µ ‡∏£‡∏±‡∏Å‡∏©‡∏≤‡∏Ñ‡∏∏‡∏ì‡∏†‡∏≤‡∏û‡∏¢‡∏≤‡πÄ‡∏™‡πâ‡∏ô
üì¶ ‡∏™‡∏¥‡∏ô‡∏Ñ‡πâ‡∏≤‡∏ó‡∏µ‡πà‡∏Ñ‡∏∏‡∏ì‡∏à‡∏∞‡πÑ‡∏î‡πâ‡∏£‡∏±‡∏ö:
‡∏¢‡∏≤‡πÄ‡∏™‡πâ‡∏ô YASEN ‡πÄ‡∏Å‡∏£‡∏î‡πÇ‡∏£‡∏á‡∏á‡∏≤‡∏ô ‡∏£‡∏∏‡πà‡∏ô V2-K ‡∏Ç‡∏ô‡∏≤‡∏î 100 ‡∏Å‡∏£‡∏±‡∏° ‡∏à‡∏≥‡∏ô‡∏ß‡∏ô 1 ‡∏ñ‡∏∏‡∏á

#‡∏¢‡∏≤‡πÄ‡∏™‡πâ‡∏ô #‡πÉ‡∏ö‡∏¢‡∏≤‡πÄ‡∏™‡πâ‡∏ô #‡∏¢‡∏≤‡πÄ‡∏™‡πâ‡∏ô‡πÄ‡∏Å‡∏£‡∏î‡πÇ‡∏£‡∏á‡∏á‡∏≤‡∏ô #YASEN #‡∏¢‡∏≤‡πÄ‡∏™‡πâ‡∏ô‡∏Å‡∏£‡∏≠‡∏á‡∏ó‡∏¥‡∏û‡∏¢‡πå #‡∏¢‡∏≤‡πÄ‡∏™‡πâ‡∏ô‡∏û‡∏£‡∏µ‡πÄ‡∏°‡∏µ‡πà‡∏¢‡∏° #‡∏¢‡∏≤‡πÄ‡∏™‡πâ‡∏ô‡∏¢‡∏≤‡πÄ‡∏ã‡πá‡∏ô
",35,70,‡∏¢‡∏≤‡πÄ‡∏™‡πâ‡∏ô (‡∏™‡∏≥‡∏´‡∏£‡∏±‡∏ö‡∏≠‡∏±‡∏î‡∏°‡∏ß‡∏ô‡πÄ‡∏≠‡∏á) ,https://udst2021.com/wp-content/uploads/2024/13/%E0%B8%A3%E0%B9%89%E0%B8%B2%E0%B8%99-B5-V2.png,https://udst2021.com/wp-content/uploads/2025/03/B6_V.jpeg,https://udst2021.com/wp-content/uploads/2025/03/
‡πÄ‡∏Å‡∏£‡∏î‡πÇ‡∏£‡∏á‡∏á‡∏≤‡∏ô,V3,‡∏¢‡∏≤‡πÄ‡∏™‡πâ‡∏ô WONDER( ‡∏ß‡∏±‡∏ô‡πÄ‡∏î‡∏≠‡∏£‡πå ) ‡πÄ‡∏Å‡∏£‡∏î‡πÇ‡∏£‡∏á‡∏á‡∏≤‡∏ô ‡∏£‡∏∏‡πà‡∏ô V3-W,YASEN ‡πÄ‡∏Å‡∏£‡∏î‡πÇ‡∏£‡∏á‡∏á‡∏≤‡∏ô V3-W ( WONRDER ) 1‡∏ñ‡∏∏‡∏á 100 ‡∏Å‡∏£‡∏±‡∏°,‡∏¢‡∏≤‡πÄ‡∏™‡πâ‡∏ô YASEN ‡πÄ‡∏Å‡∏£‡∏î‡πÇ‡∏£‡∏á‡∏á‡∏≤‡∏ô ‡∏£‡∏∏‡πà‡∏ô V3-W (Wonder) ‡∏Ç‡∏ô‡∏≤‡∏î 100 ‡∏Å‡∏£‡∏±‡∏° ‡∏£‡∏≤‡∏Ñ‡∏≤‡∏õ‡∏£‡∏∞‡∏´‡∏¢‡∏±‡∏î ‡∏Å‡∏•‡∏¥‡πà‡∏ô‡πÑ‡∏°‡πà‡∏â‡∏∏‡∏ô ‡∏£‡∏™‡∏ä‡∏≤‡∏ï‡∏¥‡∏à‡∏∑‡∏î‡∏≠‡πà‡∏≠‡∏ô‡πÜ ‡∏™‡∏π‡∏ö‡∏á‡πà‡∏≤‡∏¢ ‡∏™‡πÑ‡∏ï‡∏•‡πå‡∏¢‡∏≤‡∏ã‡∏≠‡∏á,"üè≠ ‡∏û‡∏£‡πâ‡∏≠‡∏°‡∏™‡πà‡∏á! ‡∏¢‡∏≤‡πÄ‡∏™‡πâ‡∏ô YASEN ‡πÄ‡∏Å‡∏£‡∏î‡πÇ‡∏£‡∏á‡∏á‡∏≤‡∏ô ‡∏£‡∏∏‡πà‡∏ô V3-W (Wonder) (100 ‡∏Å‡∏£‡∏±‡∏°) üè≠
‡∏¢‡∏≤‡πÄ‡∏™‡πâ‡∏ô YASEN ‡πÄ‡∏Å‡∏£‡∏î‡πÇ‡∏£‡∏á‡∏á‡∏≤‡∏ô ‡∏ã‡∏µ‡∏£‡∏µ‡∏™‡πå‡πÉ‡∏´‡∏°‡πà! ‡∏ó‡∏≤‡∏á‡πÄ‡∏•‡∏∑‡∏≠‡∏Å‡∏ó‡∏µ‡πà‡∏ä‡∏≤‡∏ç‡∏â‡∏•‡∏≤‡∏î‡∏™‡∏≥‡∏´‡∏£‡∏±‡∏ö‡∏ô‡∏±‡∏Å‡∏°‡∏ß‡∏ô‡∏ó‡∏µ‡πà‡∏ï‡πâ‡∏≠‡∏á‡∏Å‡∏≤‡∏£‡∏Ñ‡∏ß‡∏≤‡∏°‡∏Ñ‡∏∏‡πâ‡∏°‡∏Ñ‡πà‡∏≤‡πÅ‡∏•‡∏∞‡∏Ñ‡∏∏‡∏ì‡∏†‡∏≤‡∏û‡∏î‡∏µ‡πÉ‡∏ô‡∏£‡∏≤‡∏Ñ‡∏≤‡∏ó‡∏µ‡πà‡πÄ‡∏Ç‡πâ‡∏≤‡∏ñ‡∏∂‡∏á‡πÑ‡∏î‡πâ‡∏á‡πà‡∏≤‡∏¢
‡∏£‡∏∏‡πà‡∏ô V3-W (Wonder) ‡∏°‡∏≤‡∏û‡∏£‡πâ‡∏≠‡∏°‡∏Å‡∏±‡∏ö‡∏£‡∏™‡∏ä‡∏≤‡∏ï‡∏¥ ‡∏à‡∏∑‡∏î‡∏≠‡πà‡∏≠‡∏ô‡πÜ ‡∏Å‡∏•‡∏¥‡πà‡∏ô‡πÑ‡∏°‡πà‡∏â‡∏∏‡∏ô ‡∏™‡∏π‡∏ö‡∏á‡πà‡∏≤‡∏¢‡∏™‡∏ö‡∏≤‡∏¢‡πÜ ‡πÉ‡∏´‡πâ‡∏Ñ‡∏ß‡∏≤‡∏°‡∏£‡∏π‡πâ‡∏™‡∏∂‡∏Å‡πÄ‡∏´‡∏°‡∏∑‡∏≠‡∏ô‡∏¢‡∏≤‡∏ã‡∏≠‡∏á‡∏£‡∏™‡∏≠‡πà‡∏≠‡∏ô
‚ú® ‡∏Ñ‡∏∏‡∏ì‡∏™‡∏°‡∏ö‡∏±‡∏ï‡∏¥‡πÄ‡∏î‡πà‡∏ô:
‚úÖ ‡πÅ‡∏ö‡∏£‡∏ô‡∏î‡πå: YASEN
‚úÖ ‡πÄ‡∏Å‡∏£‡∏î: ‡πÄ‡∏Å‡∏£‡∏î‡πÇ‡∏£‡∏á‡∏á‡∏≤‡∏ô (‡∏Ñ‡∏∏‡πâ‡∏°‡∏Ñ‡πà‡∏≤ ‡∏£‡∏≤‡∏Ñ‡∏≤‡∏õ‡∏£‡∏∞‡∏´‡∏¢‡∏±‡∏î)
‚úÖ ‡∏£‡∏∏‡πà‡∏ô/‡∏£‡∏™‡∏ä‡∏≤‡∏ï‡∏¥: V3-W (Wonder)
‚úÖ ‡∏ô‡πâ‡∏≥‡∏´‡∏ô‡∏±‡∏Å: 100 ‡∏Å‡∏£‡∏±‡∏° ‡∏ï‡πà‡∏≠‡∏ñ‡∏∏‡∏á
‚úÖ ‡∏à‡∏∏‡∏î‡πÄ‡∏î‡πà‡∏ô: ‡∏£‡∏™‡∏ä‡∏≤‡∏ï‡∏¥‡∏à‡∏∑‡∏î‡∏≠‡πà‡∏≠‡∏ô‡πÜ, ‡∏Å‡∏•‡∏¥‡πà‡∏ô‡πÑ‡∏°‡πà‡∏â‡∏∏‡∏ô, ‡∏ü‡∏µ‡∏•‡∏•‡∏¥‡πà‡∏á‡∏Ñ‡∏•‡πâ‡∏≤‡∏¢‡∏¢‡∏≤‡∏ã‡∏≠‡∏á
‚úÖ ‡∏ö‡∏£‡∏£‡∏à‡∏∏‡∏†‡∏±‡∏ì‡∏ë‡πå: ‡∏ã‡∏≠‡∏á‡∏ã‡∏¥‡∏õ‡∏•‡πá‡∏≠‡∏Ñ‡∏Ñ‡∏∏‡∏ì‡∏†‡∏≤‡∏û‡∏î‡∏µ ‡∏£‡∏±‡∏Å‡∏©‡∏≤‡∏Ñ‡∏∏‡∏ì‡∏†‡∏≤‡∏û‡∏¢‡∏≤‡πÄ‡∏™‡πâ‡∏ô
üì¶ ‡∏™‡∏¥‡∏ô‡∏Ñ‡πâ‡∏≤‡∏ó‡∏µ‡πà‡∏Ñ‡∏∏‡∏ì‡∏à‡∏∞‡πÑ‡∏î‡πâ‡∏£‡∏±‡∏ö:
‡∏¢‡∏≤‡πÄ‡∏™‡πâ‡∏ô YASEN ‡πÄ‡∏Å‡∏£‡∏î‡πÇ‡∏£‡∏á‡∏á‡∏≤‡∏ô ‡∏£‡∏∏‡πà‡∏ô V3-W ‡∏Ç‡∏ô‡∏≤‡∏î 100 ‡∏Å‡∏£‡∏±‡∏° ‡∏à‡∏≥‡∏ô‡∏ß‡∏ô 1 ‡∏ñ‡∏∏‡∏á

#‡∏¢‡∏≤‡πÄ‡∏™‡πâ‡∏ô #‡πÉ‡∏ö‡∏¢‡∏≤‡πÄ‡∏™‡πâ‡∏ô #‡∏¢‡∏≤‡πÄ‡∏™‡πâ‡∏ô‡πÄ‡∏Å‡∏£‡∏î‡πÇ‡∏£‡∏á‡∏á‡∏≤‡∏ô #YASEN #‡∏¢‡∏≤‡πÄ‡∏™‡πâ‡∏ôWonder #‡∏¢‡∏≤‡πÄ‡∏™‡πâ‡∏ô‡∏û‡∏£‡∏µ‡πÄ‡∏°‡∏µ‡πà‡∏¢‡∏° #‡∏¢‡∏≤‡πÄ‡∏™‡πâ‡∏ô‡∏¢‡∏≤‡πÄ‡∏ã‡πá‡∏ô
",35,70,‡∏¢‡∏≤‡πÄ‡∏™‡πâ‡∏ô (‡∏™‡∏≥‡∏´‡∏£‡∏±‡∏ö‡∏≠‡∏±‡∏î‡∏°‡∏ß‡∏ô‡πÄ‡∏≠‡∏á) ,https://udst2021.com/wp-content/uploads/2024/13/%E0%B8%A3%E0%B9%89%E0%B8%B2%E0%B8%99-B5-V3.png,https://udst2021.com/wp-content/uploads/2025/03/B6_V.jpeg,https://udst2021.com/wp-content/uploads/2025/03/
‡πÄ‡∏Å‡∏£‡∏îA,Y1,‡∏¢‡∏≤‡πÄ‡∏™‡πâ‡∏ô SK ( ‡πÄ‡∏≠‡∏™‡πÄ‡∏Ñ ) ‡πÄ‡∏Å‡∏£‡∏îA ‡∏£‡∏∏‡πà‡∏ô Y1-SK,YASEN ‡πÄ‡∏Å‡∏£‡∏îA Y1-SK ( ‡πÄ‡∏≠‡∏™‡πÄ‡∏Ñ ) ¬†1‡∏ñ‡∏∏‡∏á 100 ‡∏Å‡∏£‡∏±‡∏°,"‡∏¢‡∏≤‡πÄ‡∏™‡πâ‡∏ô YASEN ‡πÄ‡∏Å‡∏£‡∏î A ‡∏£‡∏∏‡πà‡∏ô SK (‡πÄ‡∏≠‡∏™‡πÄ‡∏Ñ) ‡∏Ç‡∏ô‡∏≤‡∏î 100 ‡∏Å‡∏£‡∏±‡∏° ‡πÉ‡∏ö‡∏¢‡∏≤‡∏Ñ‡∏∏‡∏ì‡∏†‡∏≤‡∏û‡∏î‡∏µ ‡πÄ‡∏™‡πâ‡∏ô‡∏™‡∏ß‡∏¢‡πÑ‡∏°‡πà‡∏ä‡∏∑‡πâ‡∏ô ‡∏Å‡∏•‡∏¥‡πà‡∏ô‡∏´‡∏≠‡∏°‡∏ô‡∏∏‡πà‡∏° ‡∏£‡∏™‡∏ä‡∏≤‡∏ï‡∏¥‡∏ó‡∏µ‡πà‡∏Ñ‡∏∏‡πâ‡∏ô‡πÄ‡∏Ñ‡∏¢‚Ä®‚Ä®","üö¨ ‡∏û‡∏£‡πâ‡∏≠‡∏°‡∏™‡πà‡∏á! ‡∏¢‡∏≤‡πÄ‡∏™‡πâ‡∏ô YASEN ‡πÄ‡∏Å‡∏£‡∏î A ‡∏£‡∏∏‡πà‡∏ô Y1-SK (‡πÄ‡∏≠‡∏™‡πÄ‡∏Ñ) ‡∏Ç‡∏ô‡∏≤‡∏î 100 ‡∏Å‡∏£‡∏±‡∏° üö¨‚Ä®‡∏™‡∏±‡∏°‡∏ú‡∏±‡∏™‡∏£‡∏™‡∏ä‡∏≤‡∏ï‡∏¥‡∏ó‡∏µ‡πà‡∏Ñ‡∏∏‡πâ‡∏ô‡πÄ‡∏Ñ‡∏¢‡∏Å‡∏±‡∏ö‡πÉ‡∏ö‡∏¢‡∏≤‡πÄ‡∏™‡πâ‡∏ô‡∏Ñ‡∏∏‡∏ì‡∏†‡∏≤‡∏û‡∏à‡∏≤‡∏Å YASEN ‡∏£‡∏∏‡πà‡∏ô Y1-SK ‡∏Ñ‡∏±‡∏î‡∏™‡∏£‡∏£‡πÉ‡∏ö‡∏¢‡∏≤‡πÄ‡∏Å‡∏£‡∏î A ‡∏≠‡∏¢‡πà‡∏≤‡∏á‡∏û‡∏¥‡∏ñ‡∏µ‡∏û‡∏¥‡∏ñ‡∏±‡∏ô ‡∏ú‡πà‡∏≤‡∏ô‡∏Å‡∏£‡∏∞‡∏ö‡∏ß‡∏ô‡∏Å‡∏≤‡∏£‡∏ú‡∏•‡∏¥‡∏ï‡∏ó‡∏µ‡πà‡∏™‡∏∞‡∏≠‡∏≤‡∏î‡πÅ‡∏•‡∏∞‡πÑ‡∏î‡πâ‡∏°‡∏≤‡∏ï‡∏£‡∏ê‡∏≤‡∏ô ‡∏ó‡∏≥‡πÉ‡∏´‡πâ‡πÑ‡∏î‡πâ‡πÄ‡∏™‡πâ‡∏ô‡∏¢‡∏≤‡∏ó‡∏µ‡πà‡∏™‡∏ß‡∏¢‡∏á‡∏≤‡∏° ‡πÑ‡∏°‡πà‡∏ä‡∏∑‡πâ‡∏ô ‡πÅ‡∏•‡∏∞‡∏Ñ‡∏á‡∏Ñ‡∏ß‡∏≤‡∏°‡∏´‡∏≠‡∏°‡∏ô‡∏∏‡πà‡∏°‡∏≠‡∏±‡∏ô‡πÄ‡∏õ‡πá‡∏ô‡πÄ‡∏≠‡∏Å‡∏•‡∏±‡∏Å‡∏©‡∏ì‡πå‚Ä®‚ú® ‡∏Ñ‡∏∏‡∏ì‡∏™‡∏°‡∏ö‡∏±‡∏ï‡∏¥‡πÄ‡∏î‡πà‡∏ô:
‚úÖ ‡πÅ‡∏ö‡∏£‡∏ô‡∏î‡πå: UDStoreTH
‚úÖ ‡πÄ‡∏Å‡∏£‡∏î: ‡πÄ‡∏Å‡∏£‡∏î A
‚úÖ ‡∏£‡∏∏‡πà‡∏ô/‡∏£‡∏™‡∏ä‡∏≤‡∏ï‡∏¥: Y1-SK (‡πÄ‡∏≠‡∏™‡πÄ‡∏Ñ)
‚úÖ ‡∏ô‡πâ‡∏≥‡∏´‡∏ô‡∏±‡∏Å: 100 ‡∏Å‡∏£‡∏±‡∏° ‡∏ï‡πà‡∏≠‡∏ñ‡∏∏‡∏á
‚úÖ ‡∏•‡∏±‡∏Å‡∏©‡∏ì‡∏∞: ‡πÄ‡∏™‡πâ‡∏ô‡∏¢‡∏≤‡∏•‡∏∞‡πÄ‡∏≠‡∏µ‡∏¢‡∏î‡∏™‡∏ß‡∏¢ ‡∏Å‡∏•‡∏¥‡πà‡∏ô‡∏´‡∏≠‡∏°‡∏ô‡∏∏‡πà‡∏° ‡πÑ‡∏°‡πà‡∏â‡∏∏‡∏ô
‚úÖ ‡∏Å‡∏≤‡∏£‡πÄ‡∏Å‡πá‡∏ö‡∏£‡∏±‡∏Å‡∏©‡∏≤: ‡∏ö‡∏£‡∏£‡∏à‡∏∏‡πÉ‡∏ô‡∏ã‡∏≠‡∏á‡∏ã‡∏¥‡∏õ‡∏•‡πá‡∏≠‡∏Ñ‡∏≠‡∏¢‡πà‡∏≤‡∏á‡∏î‡∏µ ‡∏õ‡πâ‡∏≠‡∏á‡∏Å‡∏±‡∏ô‡∏Ñ‡∏ß‡∏≤‡∏°‡∏ä‡∏∑‡πâ‡∏ô
‚Ä®#‡∏¢‡∏≤‡πÄ‡∏™‡πâ‡∏ô #‡πÉ‡∏ö‡∏¢‡∏≤‡πÄ‡∏™‡πâ‡∏ô #‡∏¢‡∏≤‡πÄ‡∏™‡πâ‡∏ô‡∏¢‡∏≤‡πÄ‡∏ã‡πá‡∏ô #YASEN #‡∏¢‡∏≤‡πÄ‡∏™‡πâ‡∏ôSK #‡∏¢‡∏≤‡πÄ‡∏™‡πâ‡∏ô100g #‡∏¢‡∏≤‡πÄ‡∏™‡πâ‡∏ô‡∏û‡∏£‡∏µ‡πÄ‡∏°‡∏µ‡πà‡∏¢‡∏°‚Ä®",35,70,‡∏¢‡∏≤‡πÄ‡∏™‡πâ‡∏ô (‡∏™‡∏≥‡∏´‡∏£‡∏±‡∏ö‡∏≠‡∏±‡∏î‡∏°‡∏ß‡∏ô‡πÄ‡∏≠‡∏á) ,https://udst2021.com/wp-content/uploads/2024/13/%E0%B8%A3%E0%B9%89%E0%B8%B2%E0%B8%99-B5-y1.png,https://udst2021.com/wp-content/uploads/2025/03/B6_A.jpeg,https://udst2021.com/wp-content/uploads/2025/03/
‡πÄ‡∏Å‡∏£‡∏îA,Y2,‡∏¢‡∏≤‡πÄ‡∏™‡πâ‡∏ô‡∏°‡∏≤‡πÇ‡∏ö‡πÇ‡∏£‡πà ‡πÄ‡∏Å‡∏£‡∏îA ‡∏£‡∏∏‡πà‡∏ô Y2-MBR,YASEN ‡πÄ‡∏Å‡∏£‡∏îA Y2-MBR ( marlboro ) 1‡∏ñ‡∏∏‡∏á 100 ‡∏Å‡∏£‡∏±‡∏°,‡∏¢‡∏≤‡πÄ‡∏™‡πâ‡∏ô YASEN ‡πÄ‡∏Å‡∏£‡∏î A ‡∏£‡∏∏‡πà‡∏ô Y2-MBR (Marlboro) 100 ‡∏Å‡∏£‡∏±‡∏° ‡∏¢‡∏≠‡∏î‡∏ô‡∏¥‡∏¢‡∏°‡∏ï‡∏•‡∏≠‡∏î‡∏Å‡∏≤‡∏• ‡∏´‡∏≠‡∏°‡∏ô‡∏∏‡πà‡∏°‡∏•‡∏á‡∏ï‡∏±‡∏ß ‡πÄ‡∏™‡πâ‡∏ô‡∏¢‡∏≤‡∏Ñ‡∏∏‡∏ì‡∏†‡∏≤‡∏û‡∏î‡∏µ‡πÄ‡∏¢‡∏µ‡πà‡∏¢‡∏°,"üö¨ ‡∏û‡∏£‡πâ‡∏≠‡∏°‡∏™‡πà‡∏á! ‡∏¢‡∏≤‡πÄ‡∏™‡πâ‡∏ô YASEN ‡πÄ‡∏Å‡∏£‡∏î A ‡∏£‡∏∏‡πà‡∏ô Y2-MBR (Marlboro) ‡∏Ç‡∏ô‡∏≤‡∏î 100 ‡∏Å‡∏£‡∏±‡∏° üö¨‚Ä®‡∏™‡∏±‡∏°‡∏ú‡∏±‡∏™‡∏£‡∏™‡∏ä‡∏≤‡∏ï‡∏¥‡∏¢‡∏≠‡∏î‡∏ô‡∏¥‡∏¢‡∏°‡∏Å‡∏±‡∏ö‡πÉ‡∏ö‡∏¢‡∏≤‡πÄ‡∏™‡πâ‡∏ô‡∏Ñ‡∏∏‡∏ì‡∏†‡∏≤‡∏û‡∏à‡∏≤‡∏Å YASEN ‡∏£‡∏∏‡πà‡∏ô Y2-MBR (Marlboro) ‡∏Ñ‡∏±‡∏î‡∏™‡∏£‡∏£‡πÉ‡∏ö‡∏¢‡∏≤‡πÄ‡∏Å‡∏£‡∏î A ‡∏≠‡∏¢‡πà‡∏≤‡∏á‡∏î‡∏µ‡∏ó‡∏µ‡πà‡∏™‡∏∏‡∏î ‡πÉ‡∏´‡πâ‡∏£‡∏™‡∏ä‡∏≤‡∏ï‡∏¥‡∏ó‡∏µ‡πà‡πÄ‡∏Ç‡πâ‡∏°‡∏Ç‡πâ‡∏ô‡πÅ‡∏ï‡πà‡∏¢‡∏±‡∏á‡∏Ñ‡∏á‡∏Ñ‡∏ß‡∏≤‡∏°‡∏ô‡∏∏‡πà‡∏°‡∏•‡∏∞‡∏°‡∏∏‡∏ô‡πÉ‡∏ô‡πÅ‡∏ö‡∏ö‡∏â‡∏ö‡∏±‡∏ö‡∏ó‡∏µ‡πà‡∏´‡∏•‡∏≤‡∏¢‡∏Ñ‡∏ô‡∏ä‡∏∑‡πà‡∏ô‡∏ä‡∏≠‡∏ö‚Ä®‚ú® ‡∏Ñ‡∏∏‡∏ì‡∏™‡∏°‡∏ö‡∏±‡∏ï‡∏¥‡πÄ‡∏î‡πà‡∏ô:
‚úÖ ‡πÅ‡∏ö‡∏£‡∏ô‡∏î‡πå: UDStoreTH
‚úÖ ‡πÄ‡∏Å‡∏£‡∏î: ‡πÄ‡∏Å‡∏£‡∏î A (‡πÄ‡∏Å‡∏£‡∏î‡∏¢‡∏≠‡∏î‡∏ô‡∏¥‡∏¢‡∏°)
‚úÖ ‡∏£‡∏∏‡πà‡∏ô/‡∏£‡∏™‡∏ä‡∏≤‡∏ï‡∏¥: Y2-MBR (Marlboro)
‚úÖ ‡∏ô‡πâ‡∏≥‡∏´‡∏ô‡∏±‡∏Å: 100 ‡∏Å‡∏£‡∏±‡∏° ‡∏ï‡πà‡∏≠‡∏ñ‡∏∏‡∏á
‚úÖ ‡∏•‡∏±‡∏Å‡∏©‡∏ì‡∏∞: ‡πÄ‡∏™‡πâ‡∏ô‡∏¢‡∏≤‡∏Ñ‡∏∏‡∏ì‡∏†‡∏≤‡∏û‡∏™‡∏π‡∏á ‡∏´‡∏≠‡∏°‡∏ô‡∏∏‡πà‡∏°‡πÄ‡∏õ‡πá‡∏ô‡∏û‡∏¥‡πÄ‡∏®‡∏©
‚úÖ ‡∏Å‡∏≤‡∏£‡πÄ‡∏Å‡πá‡∏ö‡∏£‡∏±‡∏Å‡∏©‡∏≤: ‡∏ö‡∏£‡∏£‡∏à‡∏∏‡πÉ‡∏ô‡∏ã‡∏≠‡∏á‡∏ã‡∏¥‡∏õ‡∏•‡πá‡∏≠‡∏Ñ‡πÅ‡∏ô‡πà‡∏ô‡∏´‡∏ô‡∏≤
‚Ä®#‡∏¢‡∏≤‡πÄ‡∏™‡πâ‡∏ô #‡πÉ‡∏ö‡∏¢‡∏≤‡πÄ‡∏™‡πâ‡∏ô #‡∏¢‡∏≤‡πÄ‡∏™‡πâ‡∏ô‡∏¢‡∏≤‡πÄ‡∏ã‡πá‡∏ô #YASEN #‡∏¢‡∏≤‡πÄ‡∏™‡πâ‡∏ôMBR #‡∏¢‡∏≤‡πÄ‡∏™‡πâ‡∏ôMarlboro #‡∏¢‡∏≤‡πÄ‡∏™‡πâ‡∏ô100g‚Ä®

",35,70,‡∏¢‡∏≤‡πÄ‡∏™‡πâ‡∏ô (‡∏™‡∏≥‡∏´‡∏£‡∏±‡∏ö‡∏≠‡∏±‡∏î‡∏°‡∏ß‡∏ô‡πÄ‡∏≠‡∏á) ,https://udst2021.com/wp-content/uploads/2024/13/%E0%B8%A3%E0%B9%89%E0%B8%B2%E0%B8%99-B5-y2.png,https://udst2021.com/wp-content/uploads/2025/03/B6_A.jpeg,https://udst2021.com/wp-content/uploads/2025/03/
‡πÄ‡∏Å‡∏£‡∏îA,Y3,‡∏¢‡∏≤‡πÄ‡∏™‡πâ‡∏ô LM ( ‡πÅ‡∏≠‡∏•‡πÄ‡∏≠‡πá‡∏° ) ‡πÄ‡∏Å‡∏£‡∏îA ‡∏£‡∏∏‡πà‡∏ô Y3-LM,YASEN ‡πÄ‡∏Å‡∏£‡∏îA Y3-LM ( ‡πÅ‡∏≠‡∏•‡πÄ‡∏≠‡πá‡∏° ) 1‡∏ñ‡∏∏‡∏á 100 ‡∏Å‡∏£‡∏±‡∏°,"‡∏¢‡∏≤‡πÄ‡∏™‡πâ‡∏ô YASEN ‡πÄ‡∏Å‡∏£‡∏î A ‡∏£‡∏∏‡πà‡∏ô Y3-LM (‡πÅ‡∏≠‡∏•‡πÄ‡∏≠‡πá‡∏°) ‡∏Ç‡∏ô‡∏≤‡∏î 100 ‡∏Å‡∏£‡∏±‡∏° ‡πÉ‡∏ö‡∏¢‡∏≤‡∏Ñ‡∏∏‡∏ì‡∏†‡∏≤‡∏û‡∏î‡∏µ ‡πÉ‡∏´‡πâ‡∏£‡∏™‡∏™‡∏±‡∏°‡∏ú‡∏±‡∏™‡∏ô‡∏∏‡πà‡∏°‡∏•‡∏∞‡∏°‡∏∏‡∏ô ‡πÑ‡∏°‡πà‡∏ö‡∏≤‡∏î‡∏Ñ‡∏≠‚Ä®","üö¨ ‡∏û‡∏£‡πâ‡∏≠‡∏°‡∏™‡πà‡∏á! ‡∏¢‡∏≤‡πÄ‡∏™‡πâ‡∏ô YASEN ‡πÄ‡∏Å‡∏£‡∏î A ‡∏£‡∏∏‡πà‡∏ô Y3-LM (‡πÅ‡∏≠‡∏•‡πÄ‡∏≠‡πá‡∏°) ‡∏Ç‡∏ô‡∏≤‡∏î 100 ‡∏Å‡∏£‡∏±‡∏° üö¨‚Ä®‡∏™‡∏≥‡∏´‡∏£‡∏±‡∏ö‡∏ú‡∏π‡πâ‡∏ó‡∏µ‡πà‡∏ä‡∏∑‡πà‡∏ô‡∏ä‡∏≠‡∏ö‡∏Ñ‡∏ß‡∏≤‡∏°‡∏ô‡∏∏‡πà‡∏°‡∏•‡∏∞‡∏°‡∏∏‡∏ô ‡∏Ç‡∏≠‡πÅ‡∏ô‡∏∞‡∏ô‡∏≥‡∏¢‡∏≤‡πÄ‡∏™‡πâ‡∏ô YASEN ‡∏£‡∏∏‡πà‡∏ô Y3-LM (‡πÅ‡∏≠‡∏•‡πÄ‡∏≠‡πá‡∏°) ‡∏Ñ‡∏±‡∏î‡∏û‡∏¥‡πÄ‡∏®‡∏©‡∏à‡∏≤‡∏Å‡πÉ‡∏ö‡∏¢‡∏≤‡πÄ‡∏Å‡∏£‡∏î A ‡πÉ‡∏´‡πâ‡∏Ñ‡∏∏‡∏ì‡πÑ‡∏î‡πâ‡πÄ‡∏û‡∏•‡∏¥‡∏î‡πÄ‡∏û‡∏•‡∏¥‡∏ô‡∏Å‡∏±‡∏ö‡∏£‡∏™‡∏ä‡∏≤‡∏ï‡∏¥‡∏ó‡∏µ‡πà‡∏ô‡∏∏‡πà‡∏°‡∏ô‡∏ß‡∏• ‡∏Å‡∏•‡∏°‡∏Å‡∏•‡πà‡∏≠‡∏° ‡πÑ‡∏°‡πà‡∏ö‡∏≤‡∏î‡∏Ñ‡∏≠‚Ä®‚ú® ‡∏Ñ‡∏∏‡∏ì‡∏™‡∏°‡∏ö‡∏±‡∏ï‡∏¥‡πÄ‡∏î‡πà‡∏ô:
‚úÖ ‡πÅ‡∏ö‡∏£‡∏ô‡∏î‡πå: UDStoreTH
‚úÖ ‡πÄ‡∏Å‡∏£‡∏î: ‡πÄ‡∏Å‡∏£‡∏î A
‚úÖ ‡∏£‡∏∏‡πà‡∏ô/‡∏£‡∏™‡∏ä‡∏≤‡∏ï‡∏¥: Y3-LM (‡πÅ‡∏≠‡∏•‡πÄ‡∏≠‡πá‡∏°)
‚úÖ ‡∏ô‡πâ‡∏≥‡∏´‡∏ô‡∏±‡∏Å: 100 ‡∏Å‡∏£‡∏±‡∏° ‡∏ï‡πà‡∏≠‡∏ñ‡∏∏‡∏á
‚úÖ ‡∏•‡∏±‡∏Å‡∏©‡∏ì‡∏∞: ‡πÄ‡∏™‡πâ‡∏ô‡∏¢‡∏≤‡∏™‡∏ß‡∏¢‡∏á‡∏≤‡∏° ‡πÉ‡∏´‡πâ‡∏£‡∏™‡∏™‡∏±‡∏°‡∏ú‡∏±‡∏™‡∏ó‡∏µ‡πà‡∏ô‡∏∏‡πà‡∏°‡∏ô‡∏ß‡∏•‡πÄ‡∏õ‡πá‡∏ô‡∏û‡∏¥‡πÄ‡∏®‡∏©
‚úÖ ‡∏Å‡∏≤‡∏£‡πÄ‡∏Å‡πá‡∏ö‡∏£‡∏±‡∏Å‡∏©‡∏≤: ‡∏ã‡∏≠‡∏á‡∏ã‡∏¥‡∏õ‡∏•‡πá‡∏≠‡∏Ñ‡∏Ñ‡∏∏‡∏ì‡∏†‡∏≤‡∏û‡∏î‡∏µ ‡πÄ‡∏Å‡πá‡∏ö‡∏Ñ‡∏ß‡∏≤‡∏°‡∏´‡∏≠‡∏°‡πÑ‡∏î‡πâ‡∏¢‡∏≤‡∏ß‡∏ô‡∏≤‡∏ô
‚Ä®#‡∏¢‡∏≤‡πÄ‡∏™‡πâ‡∏ô #‡πÉ‡∏ö‡∏¢‡∏≤‡πÄ‡∏™‡πâ‡∏ô #‡∏¢‡∏≤‡πÄ‡∏™‡πâ‡∏ô‡∏¢‡∏≤‡πÄ‡∏ã‡πá‡∏ô #YASEN #‡∏¢‡∏≤‡πÄ‡∏™‡πâ‡∏ôLM #‡∏¢‡∏≤‡πÄ‡∏™‡πâ‡∏ô‡πÅ‡∏≠‡∏•‡πÄ‡∏≠‡πá‡∏° #‡∏¢‡∏≤‡πÄ‡∏™‡πâ‡∏ô100g‚Ä®
",35,70,‡∏¢‡∏≤‡πÄ‡∏™‡πâ‡∏ô (‡∏™‡∏≥‡∏´‡∏£‡∏±‡∏ö‡∏≠‡∏±‡∏î‡∏°‡∏ß‡∏ô‡πÄ‡∏≠‡∏á) ,https://udst2021.com/wp-content/uploads/2024/13/%E0%B8%A3%E0%B9%89%E0%B8%B2%E0%B8%99-B5-y3.png,https://udst2021.com/wp-content/uploads/2025/03/B6_A.jpeg,https://udst2021.com/wp-content/uploads/2025/03/
‡πÄ‡∏Å‡∏£‡∏îA,Y4,‡∏¢‡∏≤‡πÄ‡∏™‡πâ‡∏ô‡∏Å‡∏£‡∏≠‡∏á‡∏ó‡∏¥‡∏û‡∏¢‡πå ‡πÄ‡∏Å‡∏£‡∏îA ‡∏£‡∏∏‡πà‡∏ô Y4-KT,YASEN ‡πÄ‡∏Å‡∏£‡∏îA Y4-KT ( ‡∏Å‡∏£‡∏≠‡∏á‡∏ó‡∏¥‡∏û‡∏¢‡πå ) 1‡∏ñ‡∏∏‡∏á 100 ‡∏Å‡∏£‡∏±‡∏°,‡∏¢‡∏≤‡πÄ‡∏™‡πâ‡∏ô YASEN ‡πÄ‡∏Å‡∏£‡∏î A ‡∏£‡∏∏‡πà‡∏ô Y4-KT (‡∏Å‡∏£‡∏≠‡∏á‡∏ó‡∏¥‡∏û‡∏¢‡πå) ‡∏Ç‡∏ô‡∏≤‡∏î 100 ‡∏Å‡∏£‡∏±‡∏° ‡πÄ‡∏Ç‡πâ‡∏°‡∏Ç‡πâ‡∏ô‡∏ñ‡∏∂‡∏á‡πÉ‡∏à‡πÉ‡∏ô‡∏™‡πÑ‡∏ï‡∏•‡πå‡πÑ‡∏ó‡∏¢‡πÅ‡∏ó‡πâ‡πÜ ‡πÉ‡∏ö‡∏¢‡∏≤‡∏Ñ‡∏∏‡∏ì‡∏†‡∏≤‡∏û‡∏î‡∏µ‡πÄ‡∏¢‡∏µ‡πà‡∏¢‡∏°,"üö¨ ‡∏û‡∏£‡πâ‡∏≠‡∏°‡∏™‡πà‡∏á! ‡∏¢‡∏≤‡πÄ‡∏™‡πâ‡∏ô YASEN ‡πÄ‡∏Å‡∏£‡∏î A ‡∏£‡∏∏‡πà‡∏ô Y4-KT (‡∏Å‡∏£‡∏≠‡∏á‡∏ó‡∏¥‡∏û‡∏¢‡πå) ‡∏Ç‡∏ô‡∏≤‡∏î 100 ‡∏Å‡∏£‡∏±‡∏° üö¨‚Ä®‡∏ï‡∏≠‡∏ö‡πÇ‡∏à‡∏ó‡∏¢‡πå‡∏Ñ‡∏≠‡∏¢‡∏≤‡πÄ‡∏™‡πâ‡∏ô‡∏ó‡∏µ‡πà‡∏ä‡∏∑‡πà‡∏ô‡∏ä‡∏≠‡∏ö‡∏Ñ‡∏ß‡∏≤‡∏°‡πÄ‡∏Ç‡πâ‡∏°‡∏Ç‡πâ‡∏ô‡πÅ‡∏ö‡∏ö‡πÑ‡∏ó‡∏¢‡∏Å‡∏±‡∏ö YASEN ‡∏£‡∏∏‡πà‡∏ô Y4-KT (‡∏Å‡∏£‡∏≠‡∏á‡∏ó‡∏¥‡∏û‡∏¢‡πå) ‡∏Ñ‡∏±‡∏î‡∏à‡∏≤‡∏Å‡πÉ‡∏ö‡∏¢‡∏≤‡πÄ‡∏Å‡∏£‡∏î A ‡∏Ñ‡∏∏‡∏ì‡∏†‡∏≤‡∏û‡∏™‡∏π‡∏á ‡πÉ‡∏´‡πâ‡∏£‡∏™‡∏ä‡∏≤‡∏ï‡∏¥‡∏ó‡∏µ‡πà‡πÄ‡∏Ç‡πâ‡∏°‡∏ñ‡∏∂‡∏á‡πÉ‡∏à‡πÅ‡∏•‡∏∞‡∏Å‡∏•‡∏¥‡πà‡∏ô‡∏´‡∏≠‡∏°‡∏ä‡∏±‡∏î‡πÄ‡∏à‡∏ô‡πÄ‡∏õ‡πá‡∏ô‡πÄ‡∏≠‡∏Å‡∏•‡∏±‡∏Å‡∏©‡∏ì‡πå‚Ä®‚ú® ‡∏Ñ‡∏∏‡∏ì‡∏™‡∏°‡∏ö‡∏±‡∏ï‡∏¥‡πÄ‡∏î‡πà‡∏ô:
‚úÖ ‡πÅ‡∏ö‡∏£‡∏ô‡∏î‡πå: UDStoreTH
‚úÖ ‡πÄ‡∏Å‡∏£‡∏î: ‡πÄ‡∏Å‡∏£‡∏î A
‚úÖ ‡∏£‡∏∏‡πà‡∏ô/‡∏£‡∏™‡∏ä‡∏≤‡∏ï‡∏¥: Y4-KT (‡∏Å‡∏£‡∏≠‡∏á‡∏ó‡∏¥‡∏û‡∏¢‡πå)
‚úÖ ‡∏ô‡πâ‡∏≥‡∏´‡∏ô‡∏±‡∏Å: 100 ‡∏Å‡∏£‡∏±‡∏° ‡∏ï‡πà‡∏≠‡∏ñ‡∏∏‡∏á
‚úÖ ‡∏•‡∏±‡∏Å‡∏©‡∏ì‡∏∞: ‡∏£‡∏™‡∏ä‡∏≤‡∏ï‡∏¥‡πÄ‡∏Ç‡πâ‡∏°‡∏Ç‡πâ‡∏ô‡∏ñ‡∏∂‡∏á‡πÉ‡∏à‡∏™‡πÑ‡∏ï‡∏•‡πå‡πÑ‡∏ó‡∏¢
‚úÖ ‡∏Å‡∏≤‡∏£‡πÄ‡∏Å‡πá‡∏ö‡∏£‡∏±‡∏Å‡∏©‡∏≤: ‡∏ö‡∏£‡∏£‡∏à‡∏∏‡πÉ‡∏ô‡∏ã‡∏≠‡∏á‡∏ã‡∏¥‡∏õ‡∏•‡πá‡∏≠‡∏Ñ‡∏≠‡∏¢‡πà‡∏≤‡∏á‡∏î‡∏µ
‚Ä®#‡∏¢‡∏≤‡πÄ‡∏™‡πâ‡∏ô #‡πÉ‡∏ö‡∏¢‡∏≤‡πÄ‡∏™‡πâ‡∏ô #‡∏¢‡∏≤‡πÄ‡∏™‡πâ‡∏ô‡∏¢‡∏≤‡πÄ‡∏ã‡πá‡∏ô #YASEN #‡∏¢‡∏≤‡πÄ‡∏™‡πâ‡∏ôKT #‡∏¢‡∏≤‡πÄ‡∏™‡πâ‡∏ô‡∏Å‡∏£‡∏≠‡∏á‡∏ó‡∏¥‡∏û‡∏¢‡πå #‡∏¢‡∏≤‡πÄ‡∏™‡πâ‡∏ô100g‚Ä®",35,70,‡∏¢‡∏≤‡πÄ‡∏™‡πâ‡∏ô (‡∏™‡∏≥‡∏´‡∏£‡∏±‡∏ö‡∏≠‡∏±‡∏î‡∏°‡∏ß‡∏ô‡πÄ‡∏≠‡∏á) ,https://udst2021.com/wp-content/uploads/2024/13/%E0%B8%A3%E0%B9%89%E0%B8%B2%E0%B8%99-B5-y4.png,https://udst2021.com/wp-content/uploads/2025/03/B6_A.jpeg,https://udst2021.com/wp-content/uploads/2025/03/
‡πÄ‡∏Å‡∏£‡∏î‡∏û‡∏∑‡πâ‡∏ô‡∏ö‡πâ‡∏≤‡∏ô‡πÑ‡∏ó‡∏¢,Y5,‡∏¢‡∏≤‡πÄ‡∏™‡πâ‡∏ô LM ( ‡πÅ‡∏≠‡∏•‡πÄ‡∏≠‡πá‡∏° ) ‡πÄ‡∏Å‡∏£‡∏î‡∏û‡∏∑‡πâ‡∏ô‡∏ö‡πâ‡∏≤‡∏ô‡πÑ‡∏ó‡∏¢ ‡∏£‡∏∏‡πà‡∏ô Y5-L&M,YASEN ‡πÄ‡∏Å‡∏£‡∏î‡∏û‡∏∑‡πâ‡∏ô‡∏ö‡πâ‡∏≤‡∏ô‡πÑ‡∏ó‡∏¢ Y5-L&M ( ‡πÅ‡∏≠‡∏•‡πÅ‡∏≠‡∏ô‡πÄ‡∏≠‡πá‡∏° ) 1‡∏ñ‡∏∏‡∏á 100 ‡∏Å‡∏£‡∏±‡∏°,"‡∏¢‡∏≤‡πÄ‡∏™‡πâ‡∏ô YASEN ‡πÄ‡∏Å‡∏£‡∏î‡∏û‡∏∑‡πâ‡∏ô‡∏ö‡πâ‡∏≤‡∏ô‡πÑ‡∏ó‡∏¢ ‡∏£‡∏∏‡πà‡∏ô Y5- L&M ‡πÅ‡∏≠‡∏•&‡πÄ‡∏≠‡πá‡∏° ‡∏Ç‡∏ô‡∏≤‡∏î 100 ‡∏Å‡∏£‡∏±‡∏° ‡∏´‡∏≠‡∏°‡∏Å‡∏•‡∏¥‡πà‡∏ô‡∏¢‡∏≤‡πÄ‡∏™‡πâ‡∏ô‡∏ò‡∏£‡∏£‡∏°‡∏ä‡∏≤‡∏ï‡∏¥ ‡∏£‡∏≤‡∏Ñ‡∏≤‡∏¢‡πà‡∏≠‡∏°‡πÄ‡∏¢‡∏≤‚Ä®","üö¨ ‡∏û‡∏£‡πâ‡∏≠‡∏°‡∏™‡πà‡∏á! ‡∏¢‡∏≤‡πÄ‡∏™‡πâ‡∏ô YASEN ‡πÄ‡∏Å‡∏£‡∏î‡∏û‡∏∑‡πâ‡∏ô‡∏ö‡πâ‡∏≤‡∏ô‡πÑ‡∏ó‡∏¢ Y5-L&M 100 ‡∏Å‡∏£‡∏±‡∏° üö¨‚Ä®‡∏™‡∏±‡∏°‡∏ú‡∏±‡∏™‡πÄ‡∏™‡∏ô‡πà‡∏´‡πå‡∏Ç‡∏≠‡∏á‡∏¢‡∏≤‡πÄ‡∏™‡πâ‡∏ô‡∏™‡πÑ‡∏ï‡∏•‡πå‡∏û‡∏∑‡πâ‡∏ô‡∏ö‡πâ‡∏≤‡∏ô‡∏Å‡∏±‡∏ö YASEN ‡πÄ‡∏Å‡∏£‡∏î‡∏û‡∏∑‡πâ‡∏ô‡∏ö‡πâ‡∏≤‡∏ô‡πÑ‡∏ó‡∏¢ ‡∏ó‡∏µ‡πà‡πÉ‡∏´‡πâ‡∏Å‡∏•‡∏¥‡πà‡∏ô‡∏´‡∏≠‡∏°‡∏Ç‡∏≠‡∏á‡πÉ‡∏ö‡∏¢‡∏≤‡∏ò‡∏£‡∏£‡∏°‡∏ä‡∏≤‡∏ï‡∏¥‡∏≠‡∏¢‡πà‡∏≤‡∏á‡πÅ‡∏ó‡πâ‡∏à‡∏£‡∏¥‡∏á ‡πÉ‡∏ô‡∏£‡∏≤‡∏Ñ‡∏≤‡∏™‡∏ö‡∏≤‡∏¢‡∏Å‡∏£‡∏∞‡πÄ‡∏õ‡πã‡∏≤‚Ä®‚ú® ‡∏Ñ‡∏∏‡∏ì‡∏™‡∏°‡∏ö‡∏±‡∏ï‡∏¥‡πÄ‡∏î‡πà‡∏ô:
‚úÖ ‡πÅ‡∏ö‡∏£‡∏ô‡∏î‡πå: UDStoreTH
‚úÖ ‡πÄ‡∏Å‡∏£‡∏î: ‡πÄ‡∏Å‡∏£‡∏î‡∏û‡∏∑‡πâ‡∏ô‡∏ö‡πâ‡∏≤‡∏ô‡πÑ‡∏ó‡∏¢
‚úÖ ‡∏£‡∏∏‡πà‡∏ô/‡∏£‡∏™‡∏ä‡∏≤‡∏ï‡∏¥: Y5-L&M (‡∏ô‡∏∏‡πà‡∏°) ‡πÅ‡∏•‡∏∞ Y6-K&T (‡πÄ‡∏Ç‡πâ‡∏°)
‚úÖ ‡∏ô‡πâ‡∏≥‡∏´‡∏ô‡∏±‡∏Å: 100 ‡∏Å‡∏£‡∏±‡∏° ‡∏ï‡πà‡∏≠‡∏ñ‡∏∏‡∏á
‚úÖ ‡∏•‡∏±‡∏Å‡∏©‡∏ì‡∏∞: ‡∏Å‡∏•‡∏¥‡πà‡∏ô‡∏´‡∏≠‡∏°‡πÉ‡∏ö‡∏¢‡∏≤‡∏ò‡∏£‡∏£‡∏°‡∏ä‡∏≤‡∏ï‡∏¥‡∏ä‡∏±‡∏î‡πÄ‡∏à‡∏ô ‡∏£‡∏≤‡∏Ñ‡∏≤‡∏¢‡πà‡∏≠‡∏°‡πÄ‡∏¢‡∏≤
‚úÖ ‡∏Å‡∏≤‡∏£‡πÄ‡∏Å‡πá‡∏ö‡∏£‡∏±‡∏Å‡∏©‡∏≤: ‡∏ö‡∏£‡∏£‡∏à‡∏∏‡πÉ‡∏ô‡∏ã‡∏≠‡∏á‡∏ã‡∏¥‡∏õ‡∏•‡πá‡∏≠‡∏Ñ
‚Ä®#‡∏¢‡∏≤‡πÄ‡∏™‡πâ‡∏ô #‡πÉ‡∏ö‡∏¢‡∏≤‡πÄ‡∏™‡πâ‡∏ô #‡∏¢‡∏≤‡πÄ‡∏™‡πâ‡∏ô‡∏û‡∏∑‡πâ‡∏ô‡∏ö‡πâ‡∏≤‡∏ô #YASEN #‡∏¢‡∏≤‡πÄ‡∏™‡πâ‡∏ô‡∏û‡∏£‡∏µ‡πÄ‡∏°‡∏µ‡πà‡∏¢‡∏° #‡∏¢‡∏≤‡πÄ‡∏™‡πâ‡∏ôL&M #‡∏¢‡∏≤‡πÄ‡∏™‡πâ‡∏ô‡∏Å‡∏£‡∏≠‡∏á‡∏ó‡∏¥‡∏û‡∏¢‡πå‚Ä®",24,60,‡∏¢‡∏≤‡πÄ‡∏™‡πâ‡∏ô (‡∏™‡∏≥‡∏´‡∏£‡∏±‡∏ö‡∏≠‡∏±‡∏î‡∏°‡∏ß‡∏ô‡πÄ‡∏≠‡∏á) ,https://udst2021.com/wp-content/uploads/2024/13/%E0%B8%A3%E0%B9%89%E0%B8%B2%E0%B8%99-B5-y5.png,https://udst2021.com/wp-content/uploads/2025/03/B6_Y.jpeg,https://udst2021.com/wp-content/uploads/2025/03/B6_9.jpeg
‡πÄ‡∏Å‡∏£‡∏î‡∏û‡∏∑‡πâ‡∏ô‡∏ö‡πâ‡∏≤‡∏ô‡πÑ‡∏ó‡∏¢,Y6,‡∏¢‡∏≤‡πÄ‡∏™‡πâ‡∏ô‡∏Å‡∏£‡∏≠‡∏á‡∏ó‡∏¥‡∏û‡∏¢‡πå ‡πÄ‡∏Å‡∏£‡∏î‡∏û‡∏∑‡πâ‡∏ô‡∏ö‡πâ‡∏≤‡∏ô‡πÑ‡∏ó‡∏¢ ‡∏£‡∏∏‡πà‡∏ô Y6-K&T,YASEN ‡πÄ‡∏Å‡∏£‡∏î‡∏û‡∏∑‡πâ‡∏ô‡∏ö‡πâ‡∏≤‡∏ô‡πÑ‡∏ó‡∏¢ Y6-K&T ( ‡∏Å‡∏£‡∏≠‡∏á‡∏ó‡∏¥‡∏û‡∏¢‡πå ) 1‡∏ñ‡∏∏‡∏á 100 ‡∏Å‡∏£‡∏±‡∏°,"‡∏¢‡∏≤‡πÄ‡∏™‡πâ‡∏ô YASEN ‡πÄ‡∏Å‡∏£‡∏î‡∏û‡∏∑‡πâ‡∏ô‡∏ö‡πâ‡∏≤‡∏ô‡πÑ‡∏ó‡∏¢ ‡∏£‡∏∏‡πà‡∏ô Y6-K&T (‡∏Å‡∏£‡∏≠‡∏á‡∏ó‡∏¥‡∏û‡∏¢‡πå) ‡∏Ç‡∏ô‡∏≤‡∏î 100 ‡∏Å‡∏£‡∏±‡∏° ‡∏´‡∏≠‡∏°‡∏Å‡∏•‡∏¥‡πà‡∏ô‡∏¢‡∏≤‡πÄ‡∏™‡πâ‡∏ô‡∏ò‡∏£‡∏£‡∏°‡∏ä‡∏≤‡∏ï‡∏¥ ‡∏£‡∏≤‡∏Ñ‡∏≤‡∏¢‡πà‡∏≠‡∏°‡πÄ‡∏¢‡∏≤‚Ä®","üö¨ ‡∏û‡∏£‡πâ‡∏≠‡∏°‡∏™‡πà‡∏á! ‡∏¢‡∏≤‡πÄ‡∏™‡πâ‡∏ô YASEN ‡πÄ‡∏Å‡∏£‡∏î‡∏û‡∏∑‡πâ‡∏ô‡∏ö‡πâ‡∏≤‡∏ô‡πÑ‡∏ó‡∏¢ Y6-K&T 100 ‡∏Å‡∏£‡∏±‡∏° üö¨‚Ä®‡∏™‡∏±‡∏°‡∏ú‡∏±‡∏™‡πÄ‡∏™‡∏ô‡πà‡∏´‡πå‡∏Ç‡∏≠‡∏á‡∏¢‡∏≤‡πÄ‡∏™‡πâ‡∏ô‡∏™‡πÑ‡∏ï‡∏•‡πå‡∏û‡∏∑‡πâ‡∏ô‡∏ö‡πâ‡∏≤‡∏ô‡∏Å‡∏±‡∏ö YASEN ‡πÄ‡∏Å‡∏£‡∏î‡∏û‡∏∑‡πâ‡∏ô‡∏ö‡πâ‡∏≤‡∏ô‡πÑ‡∏ó‡∏¢ ‡∏ó‡∏µ‡πà‡πÉ‡∏´‡πâ‡∏Å‡∏•‡∏¥‡πà‡∏ô‡∏´‡∏≠‡∏°‡∏Ç‡∏≠‡∏á‡πÉ‡∏ö‡∏¢‡∏≤‡∏ò‡∏£‡∏£‡∏°‡∏ä‡∏≤‡∏ï‡∏¥‡∏≠‡∏¢‡πà‡∏≤‡∏á‡πÅ‡∏ó‡πâ‡∏à‡∏£‡∏¥‡∏á ‡πÉ‡∏ô‡∏£‡∏≤‡∏Ñ‡∏≤‡∏™‡∏ö‡∏≤‡∏¢‡∏Å‡∏£‡∏∞‡πÄ‡∏õ‡πã‡∏≤ ‡∏°‡∏µ‡πÉ‡∏´‡πâ‡πÄ‡∏•‡∏∑‡∏≠‡∏Å 2 ‡∏£‡∏∏‡πà‡∏ô‡∏ï‡∏≤‡∏°‡∏Ñ‡∏ß‡∏≤‡∏°‡∏ä‡∏≠‡∏ö‚Ä®‚ú® ‡∏Ñ‡∏∏‡∏ì‡∏™‡∏°‡∏ö‡∏±‡∏ï‡∏¥‡πÄ‡∏î‡πà‡∏ô:
‚úÖ ‡πÅ‡∏ö‡∏£‡∏ô‡∏î‡πå: UDStoreTH
‚úÖ ‡πÄ‡∏Å‡∏£‡∏î: ‡πÄ‡∏Å‡∏£‡∏î‡∏û‡∏∑‡πâ‡∏ô‡∏ö‡πâ‡∏≤‡∏ô‡πÑ‡∏ó‡∏¢
‚úÖ ‡∏£‡∏∏‡πà‡∏ô/‡∏£‡∏™‡∏ä‡∏≤‡∏ï‡∏¥: Y5-L&M (‡∏ô‡∏∏‡πà‡∏°) ‡πÅ‡∏•‡∏∞ Y6-K&T (‡πÄ‡∏Ç‡πâ‡∏°)
‚úÖ ‡∏ô‡πâ‡∏≥‡∏´‡∏ô‡∏±‡∏Å: 100 ‡∏Å‡∏£‡∏±‡∏° ‡∏ï‡πà‡∏≠‡∏ñ‡∏∏‡∏á
‚úÖ ‡∏•‡∏±‡∏Å‡∏©‡∏ì‡∏∞: ‡∏Å‡∏•‡∏¥‡πà‡∏ô‡∏´‡∏≠‡∏°‡πÉ‡∏ö‡∏¢‡∏≤‡∏ò‡∏£‡∏£‡∏°‡∏ä‡∏≤‡∏ï‡∏¥‡∏ä‡∏±‡∏î‡πÄ‡∏à‡∏ô ‡∏£‡∏≤‡∏Ñ‡∏≤‡∏¢‡πà‡∏≠‡∏°‡πÄ‡∏¢‡∏≤
‚úÖ ‡∏Å‡∏≤‡∏£‡πÄ‡∏Å‡πá‡∏ö‡∏£‡∏±‡∏Å‡∏©‡∏≤: ‡∏ö‡∏£‡∏£‡∏à‡∏∏‡πÉ‡∏ô‡∏ã‡∏≠‡∏á‡∏ã‡∏¥‡∏õ‡∏•‡πá‡∏≠‡∏Ñ
‚Ä®#‡∏¢‡∏≤‡πÄ‡∏™‡πâ‡∏ô #‡πÉ‡∏ö‡∏¢‡∏≤‡πÄ‡∏™‡πâ‡∏ô #‡∏¢‡∏≤‡πÄ‡∏™‡πâ‡∏ô‡∏û‡∏∑‡πâ‡∏ô‡∏ö‡πâ‡∏≤‡∏ô #YASEN #‡∏¢‡∏≤‡πÄ‡∏™‡πâ‡∏ô‡∏û‡∏£‡∏µ‡πÄ‡∏°‡∏µ‡πà‡∏¢‡∏° #‡∏¢‡∏≤‡πÄ‡∏™‡πâ‡∏ôL&M #‡∏¢‡∏≤‡πÄ‡∏™‡πâ‡∏ô‡∏Å‡∏£‡∏≠‡∏á‡∏ó‡∏¥‡∏û‡∏¢‡πå‚Ä®",24,60,‡∏¢‡∏≤‡πÄ‡∏™‡πâ‡∏ô (‡∏™‡∏≥‡∏´‡∏£‡∏±‡∏ö‡∏≠‡∏±‡∏î‡∏°‡∏ß‡∏ô‡πÄ‡∏≠‡∏á) ,https://udst2021.com/wp-content/uploads/2024/13/%E0%B8%A3%E0%B9%89%E0%B8%B2%E0%B8%99-B5-y6.png,https://udst2021.com/wp-content/uploads/2025/03/B6_Y.jpeg,https://udst2021.com/wp-content/uploads/2025/03/B6_9.jpeg
‡πÄ‡∏Å‡∏£‡∏î‡∏û‡∏∑‡πâ‡∏ô‡∏ö‡πâ‡∏≤‡∏ô‡πÑ‡∏ó‡∏¢,Y7,‡∏¢‡∏≤‡πÄ‡∏™‡πâ‡∏ô 85 ‡∏Å‡∏£‡∏≠‡∏á‡∏ó‡∏¥‡∏û‡∏¢‡πå ‡πÄ‡∏Å‡∏£‡∏î‡∏û‡∏∑‡πâ‡∏ô‡∏ö‡πâ‡∏≤‡∏ô‡πÑ‡∏ó‡∏¢ ‡∏£‡∏∏‡πà‡∏ô Y7-85,YASEN ‡πÄ‡∏Å‡∏£‡∏î‡∏û‡∏∑‡πâ‡∏ô‡∏ö‡πâ‡∏≤‡∏ô‡πÑ‡∏ó‡∏¢ Y7-85 ( ‡∏Å‡∏£‡∏≠‡∏á‡∏ó‡∏¥‡∏û‡∏¢‡πå 85 ) 1‡∏ñ‡∏∏‡∏á 100 ‡∏Å‡∏£‡∏±‡∏°,"‡∏¢‡∏≤‡πÄ‡∏™‡πâ‡∏ô YASEN ‡πÄ‡∏Å‡∏£‡∏î‡∏û‡∏£‡∏µ‡πÄ‡∏°‡∏µ‡πà‡∏¢‡∏° Y7- 85 (‡∏Å‡∏£‡∏≠‡∏á‡∏ó‡∏¥‡∏û‡∏¢‡πå 85)100 ‡∏Å‡∏£‡∏±‡∏° ‡∏Ñ‡∏±‡∏î‡πÉ‡∏ö‡∏¢‡∏≤‡∏Ñ‡∏∏‡∏ì‡∏†‡∏≤‡∏û‡∏™‡∏π‡∏á‡∏™‡∏∏‡∏î ‡∏â‡∏∏‡∏ô‡πÄ‡∏Ç‡πâ‡∏°‡∏•‡∏∞‡∏°‡∏∏‡∏ô‡πÄ‡∏´‡∏ô‡∏∑‡∏≠‡∏£‡∏∞‡∏î‡∏±‡∏ö ‡∏™‡∏≥‡∏´‡∏£‡∏±‡∏ö‡∏ú‡∏π‡πâ‡∏ó‡∏µ‡πà‡∏ï‡πâ‡∏≠‡∏á‡∏Å‡∏≤‡∏£‡πÅ‡∏£‡∏á‡πÜ‚Ä®","üö¨ ‡∏û‡∏£‡πâ‡∏≠‡∏°‡∏™‡πà‡∏á! ‡∏¢‡∏≤‡πÄ‡∏™‡πâ‡∏ô ‡πÄ‡∏Å‡∏£‡∏î‡∏û‡∏∑‡πâ‡∏ô‡∏ö‡πâ‡∏≤‡∏ô‡πÑ‡∏ó‡∏¢ ‡∏£‡∏∏‡πà‡∏ô Y7- 85 (‡∏Å‡∏£‡∏≠‡∏á‡∏ó‡∏¥‡∏û‡∏¢‡πå 85)100 ‡∏Å‡∏£‡∏±‡∏° üö¨‚Ä®‡∏¢‡∏Å‡∏£‡∏∞‡∏î‡∏±‡∏ö‡∏õ‡∏£‡∏∞‡∏™‡∏ö‡∏Å‡∏≤‡∏£‡∏ì‡πå‡∏Ç‡∏≠‡∏á‡∏Ñ‡∏∏‡∏ì‡∏Å‡∏±‡∏ö‡∏¢‡∏≤‡πÄ‡∏™‡πâ‡∏ô YASEN ‡πÄ‡∏Å‡∏£‡∏î‡∏û‡∏£‡∏µ‡πÄ‡∏°‡∏µ‡πà‡∏¢‡∏° ‡∏£‡∏∏‡πà‡∏ô Y7- 85 (‡∏Å‡∏£‡∏≠‡∏á‡∏ó‡∏¥‡∏û‡∏¢‡πå 85)‡∏ó‡∏µ‡πà‡∏™‡∏∏‡∏î‡∏Ç‡∏≠‡∏á‡∏Ñ‡∏ß‡∏≤‡∏°‡∏û‡∏¥‡∏ñ‡∏µ‡∏û‡∏¥‡∏ñ‡∏±‡∏ô ‡∏Ñ‡∏±‡∏î‡∏™‡∏£‡∏£‡πÄ‡∏â‡∏û‡∏≤‡∏∞‡πÉ‡∏ö‡∏¢‡∏≤‡∏Ñ‡∏∏‡∏ì‡∏†‡∏≤‡∏û‡∏™‡∏π‡∏á‡∏™‡∏∏‡∏î ‡πÉ‡∏´‡πâ‡∏£‡∏™‡∏™‡∏±‡∏°‡∏ú‡∏±‡∏™‡∏ó‡∏µ‡πà‡∏´‡∏≠‡∏°‡∏ô‡∏∏‡πà‡∏°‡∏•‡∏∞‡∏°‡∏∏‡∏ô‡∏≠‡∏¢‡πà‡∏≤‡∏á‡πÄ‡∏´‡∏ô‡∏∑‡∏≠‡∏£‡∏∞‡∏î‡∏±‡∏ö‚Ä®‚ú® ‡∏Ñ‡∏∏‡∏ì‡∏™‡∏°‡∏ö‡∏±‡∏ï‡∏¥‡πÄ‡∏î‡πà‡∏ô:
‚úÖ ‡πÅ‡∏ö‡∏£‡∏ô‡∏î‡πå: UDStoreTH
‚úÖ ‡πÄ‡∏Å‡∏£‡∏î: ‡πÄ‡∏Å‡∏£‡∏î‡∏û‡∏∑‡πâ‡∏ô‡∏ö‡πâ‡∏≤‡∏ô‡πÑ‡∏ó‡∏¢
‚úÖ ‡∏£‡∏∏‡πà‡∏ô/‡∏£‡∏™‡∏ä‡∏≤‡∏ï‡∏¥: Y7- 85 (‡∏Å‡∏£‡∏≠‡∏á‡∏ó‡∏¥‡∏û‡∏¢‡πå 85)
‚úÖ ‡∏ô‡πâ‡∏≥‡∏´‡∏ô‡∏±‡∏Å: 100 ‡∏Å‡∏£‡∏±‡∏° ‡∏ï‡πà‡∏≠‡∏ñ‡∏∏‡∏á
‚úÖ ‡∏•‡∏±‡∏Å‡∏©‡∏ì‡∏∞: ‡∏â‡∏∏‡∏ô‡πÅ‡∏£‡∏á‡∏•‡∏∞‡∏°‡∏∏‡∏ô‡πÄ‡∏´‡∏ô‡∏∑‡∏≠‡∏£‡∏∞‡∏î‡∏±‡∏ö ‡πÄ‡∏™‡πâ‡∏ô‡∏™‡∏ß‡∏¢‡∏•‡∏∞‡πÄ‡∏≠‡∏µ‡∏¢‡∏î‡πÄ‡∏õ‡πá‡∏ô‡∏û‡∏¥‡πÄ‡∏®‡∏©
‚úÖ ‡∏Å‡∏≤‡∏£‡πÄ‡∏Å‡πá‡∏ö‡∏£‡∏±‡∏Å‡∏©‡∏≤: ‡∏ã‡∏≠‡∏á‡∏ã‡∏¥‡∏õ‡∏•‡πá‡∏≠‡∏Ñ‡∏Ñ‡∏∏‡∏ì‡∏†‡∏≤‡∏û‡∏û‡∏£‡∏µ‡πÄ‡∏°‡∏µ‡πà‡∏¢‡∏°
‚Ä®#‡∏¢‡∏≤‡πÄ‡∏™‡πâ‡∏ô #‡πÉ‡∏ö‡∏¢‡∏≤‡πÄ‡∏™‡πâ‡∏ô #‡∏¢‡∏≤‡πÄ‡∏™‡πâ‡∏ô‡∏û‡∏£‡∏µ‡πÄ‡∏°‡∏µ‡πà‡∏¢‡∏° #YASEN #‡∏¢‡∏≤‡πÄ‡∏™‡πâ‡∏ô‡πÄ‡∏Å‡∏£‡∏î‡∏û‡∏∑‡πâ‡∏ô‡∏ö‡πâ‡∏≤‡∏ô‡πÑ‡∏ó‡∏¢ #YasenPremium",24,60,‡∏¢‡∏≤‡πÄ‡∏™‡πâ‡∏ô (‡∏™‡∏≥‡∏´‡∏£‡∏±‡∏ö‡∏≠‡∏±‡∏î‡∏°‡∏ß‡∏ô‡πÄ‡∏≠‡∏á) ,https://udst2021.com/wp-content/uploads/2024/13/%E0%B8%A3%E0%B9%89%E0%B8%B2%E0%B8%99-B5-y7.png,https://udst2021.com/wp-content/uploads/2025/03/B6_Y.jpeg,https://udst2021.com/wp-content/uploads/2025/03/B6_9.jpeg
‡πÄ‡∏Å‡∏£‡∏î‡∏û‡∏∑‡πâ‡∏ô‡∏ö‡πâ‡∏≤‡∏ô‡πÑ‡∏ó‡∏¢,Y8,‡∏¢‡∏≤‡πÄ‡∏™‡πâ‡∏ô‡∏Å‡∏£‡∏∏‡∏á‡∏ó‡∏≠‡∏á ‡πÄ‡∏Å‡∏£‡∏î‡∏û‡∏∑‡πâ‡∏ô‡∏ö‡πâ‡∏≤‡∏ô‡πÑ‡∏ó‡∏¢ ‡∏£‡∏∏‡πà‡∏ô Y8-KRUNG THONG,YASEN ‡πÄ‡∏Å‡∏£‡∏î‡∏û‡∏∑‡πâ‡∏ô‡∏ö‡πâ‡∏≤‡∏ô‡πÑ‡∏ó‡∏¢ Y8-KRUNG TONG ( ‡∏Å‡∏£‡∏∏‡∏á‡∏ó‡∏≠‡∏á ) 1‡∏ñ‡∏∏‡∏á 100 ‡∏Å‡∏£‡∏±‡∏°,"‡∏¢‡∏≤‡πÄ‡∏™‡πâ‡∏ô‡πÄ‡∏Å‡∏£‡∏î‡∏û‡∏∑‡πâ‡∏ô‡∏ö‡πâ‡∏≤‡∏ô‡πÑ‡∏ó‡∏¢ ‡∏Å‡∏£‡∏∏‡∏á‡∏ó‡∏≠‡∏á ‡∏Ç‡∏ô‡∏≤‡∏î 100 ‡∏Å‡∏£‡∏±‡∏° ‡πÉ‡∏ö‡∏¢‡∏≤‡∏Ñ‡∏∏‡∏ì‡∏†‡∏≤‡∏û‡πÄ‡∏Ç‡πâ‡∏°‡∏Ç‡πâ‡∏ô ‡πÉ‡∏´‡πâ‡∏Å‡∏•‡∏¥‡πà‡∏ô‡∏â‡∏∏‡∏ô‡∏´‡∏≠‡∏° ‡πÄ‡∏õ‡πá‡∏ô‡πÄ‡∏≠‡∏Å‡∏•‡∏±‡∏Å‡∏©‡∏ì‡πå ‡πÑ‡∏°‡πà‡πÄ‡∏´‡∏°‡∏∑‡∏≠‡∏ô‡πÉ‡∏Ñ‡∏£‚Ä®","üö¨ ‡∏û‡∏£‡πâ‡∏≠‡∏°‡∏™‡πà‡∏á! ‡∏¢‡∏≤‡πÄ‡∏™‡πâ‡∏ô ‡πÄ‡∏Å‡∏£‡∏î‡∏û‡∏∑‡πâ‡∏ô‡∏ö‡πâ‡∏≤‡∏ô‡πÑ‡∏ó‡∏¢ YASEN Y8 ‡∏Ç‡∏ô‡∏≤‡∏î 100 ‡∏Å‡∏£‡∏±‡∏° üö¨‚Ä®‡∏™‡∏≥‡∏´‡∏£‡∏±‡∏ö‡∏ô‡∏±‡∏Å‡∏™‡∏π‡∏ö‡∏ï‡∏±‡∏ß‡∏à‡∏£‡∏¥‡∏á‡∏ó‡∏µ‡πà‡∏°‡∏≠‡∏á‡∏´‡∏≤‡∏Ñ‡∏ß‡∏≤‡∏°‡πÅ‡∏ï‡∏Å‡∏ï‡πà‡∏≤‡∏á ‡∏Ç‡∏≠‡πÅ‡∏ô‡∏∞‡∏ô‡∏≥ ‡∏¢‡∏≤‡πÄ‡∏™‡πâ‡∏ô ‡∏Å‡∏£‡∏∏‡∏á‡∏ó‡∏≠‡∏á ‡∏Ñ‡∏±‡∏î‡∏™‡∏£‡∏£‡πÉ‡∏ö‡∏¢‡∏≤‡∏Ñ‡∏∏‡∏ì‡∏†‡∏≤‡∏û ‡πÉ‡∏ö‡∏¢‡∏≤‡∏Ñ‡∏∏‡∏ì‡∏†‡∏≤‡∏û‡πÄ‡∏Ç‡πâ‡∏°‡∏Ç‡πâ‡∏ô ‡πÉ‡∏´‡πâ‡∏Å‡∏•‡∏¥‡πà‡∏ô‡∏â‡∏∏‡∏ô‡∏´‡∏≠‡∏° ‡πÄ‡∏õ‡πá‡∏ô‡πÄ‡∏≠‡∏Å‡∏•‡∏±‡∏Å‡∏©‡∏ì‡πå ‡πÑ‡∏°‡πà‡πÄ‡∏´‡∏°‡∏∑‡∏≠‡∏ô‡πÉ‡∏Ñ‡∏£ ‡πÑ‡∏°‡πà‡πÄ‡∏´‡∏°‡∏∑‡∏≠‡∏ô‡∏¢‡∏≤‡πÄ‡∏™‡πâ‡∏ô‡∏ó‡∏±‡πà‡∏ß‡πÑ‡∏õ‚Ä®‚ú® ‡∏Ñ‡∏∏‡∏ì‡∏™‡∏°‡∏ö‡∏±‡∏ï‡∏¥‡πÄ‡∏î‡πà‡∏ô:
‚úÖ ‡πÅ‡∏ö‡∏£‡∏ô‡∏î‡πå: UDStoreTH
‚úÖ ‡πÄ‡∏Å‡∏£‡∏î: ‡πÄ‡∏Å‡∏£‡∏î‡∏û‡∏∑‡πâ‡∏ô‡∏ö‡πâ‡∏≤‡∏ô‡πÑ‡∏ó‡∏¢
‚úÖ ‡∏£‡∏∏‡πà‡∏ô/‡∏£‡∏™‡∏ä‡∏≤‡∏ï‡∏¥: Y8-KRUNG ( ‡∏Å‡∏£‡∏∏‡∏á‡∏ó‡∏≠‡∏á )
‚úÖ ‡∏ô‡πâ‡∏≥‡∏´‡∏ô‡∏±‡∏Å: 100 ‡∏Å‡∏£‡∏±‡∏° ‡∏ï‡πà‡∏≠‡∏ñ‡∏∏‡∏á
‚úÖ ‡∏•‡∏±‡∏Å‡∏©‡∏ì‡∏∞: ‡∏Å‡∏•‡∏¥‡πà‡∏ô‡∏´‡∏≠‡∏°‡∏´‡∏ß‡∏≤‡∏ô‡πÄ‡∏õ‡πá‡∏ô‡πÄ‡∏≠‡∏Å‡∏•‡∏±‡∏Å‡∏©‡∏ì‡πå‡∏Ç‡∏≠‡∏á‡πÉ‡∏ö‡∏¢‡∏≤‡πÄ‡∏ß‡∏≠‡∏£‡πå‡∏à‡∏¥‡πÄ‡∏ô‡∏µ‡∏¢
‚úÖ ‡∏Å‡∏≤‡∏£‡πÄ‡∏Å‡πá‡∏ö‡∏£‡∏±‡∏Å‡∏©‡∏≤: ‡∏ã‡∏≠‡∏á‡∏ã‡∏¥‡∏õ‡∏•‡πá‡∏≠‡∏Ñ‡∏≠‡∏¢‡πà‡∏≤‡∏á‡∏î‡∏µ‡πÄ‡∏û‡∏∑‡πà‡∏≠‡∏£‡∏±‡∏Å‡∏©‡∏≤‡∏Ñ‡∏∏‡∏ì‡∏†‡∏≤‡∏û
‚Ä®#‡∏¢‡∏≤‡πÄ‡∏™‡πâ‡∏ô #‡πÉ‡∏ö‡∏¢‡∏≤‡πÄ‡∏™‡πâ‡∏ô #‡∏¢‡∏≤‡πÄ‡∏™‡πâ‡∏ô‡∏Å‡∏£‡∏∏‡∏á‡∏ó‡∏≠‡∏á #KRUNG THONG #YASEN #Y8",24,60,‡∏¢‡∏≤‡πÄ‡∏™‡πâ‡∏ô (‡∏™‡∏≥‡∏´‡∏£‡∏±‡∏ö‡∏≠‡∏±‡∏î‡∏°‡∏ß‡∏ô‡πÄ‡∏≠‡∏á) ,https://udst2021.com/wp-content/uploads/2024/13/%E0%B8%A3%E0%B9%89%E0%B8%B2%E0%B8%99-B5-y8.png,https://udst2021.com/wp-content/uploads/2025/03/B6_Y.jpeg,https://udst2021.com/wp-content/uploads/2025/03/B6_9.jpeg